"otuids"	"ERR2210880"	"ERR2210890"	"ERR2210900"	"ERR2210980"	"ERR2210990"	"ERR2211000"	"ERR2211010"	"ERR2211020"	"ERR2211030"	"ERR2211060"	"ERR2211120"	"ERR2211180"	"ERR2211270"	"ERR2211280"	"ERR2211360"	"ERR2210881"	"ERR2210891"	"ERR2210901"	"ERR2210991"	"ERR2211001"	"ERR2211011"	"ERR2211021"	"ERR2211031"	"ERR2211041"	"ERR2211061"	"ERR2211081"	"ERR2211101"	"ERR2211181"	"ERR2211611"	"ERR2211631"	"ERR2210882"	"ERR2210892"	"ERR2210902"	"ERR2210992"	"ERR2211022"	"ERR2211032"	"ERR2211052"	"ERR2211062"	"ERR2211082"	"ERR2211092"	"ERR2211102"	"ERR2211272"	"ERR2211422"	"ERR2211532"	"ERR2210883"	"ERR2210893"	"ERR2210903"	"ERR2210983"	"ERR2211033"	"ERR2211063"	"ERR2211073"	"ERR2211083"	"ERR2211093"	"ERR2211103"	"ERR2211113"	"ERR2211183"	"ERR2211203"	"ERR2211623"	"ERR2211703"	"ERR2211713"	"ERR2211733"	"ERR2210894"	"ERR2210984"	"ERR2210994"	"ERR2211064"	"ERR2211074"	"ERR2211094"	"ERR2211104"	"ERR2211114"	"ERR2211244"	"ERR2211264"	"ERR2211274"	"ERR2211354"	"ERR2210895"	"ERR2210905"	"ERR2210985"	"ERR2210995"	"ERR2211005"	"ERR2211075"	"ERR2211085"	"ERR2211095"	"ERR2211105"	"ERR2211195"	"ERR2211245"	"ERR2211255"	"ERR2211265"	"ERR2211275"	"ERR2211345"	"ERR2211365"	"ERR2210896"	"ERR2210916"	"ERR2210986"	"ERR2210996"	"ERR2211026"	"ERR2211076"	"ERR2211086"	"ERR2211096"	"ERR2211106"	"ERR2211116"	"ERR2211186"	"ERR2211206"	"ERR2211256"	"ERR2211276"	"ERR2211516"	"ERR2211556"	"ERR2210877"	"ERR2210887"	"ERR2210897"	"ERR2210917"	"ERR2210977"	"ERR2210987"	"ERR2210997"	"ERR2211017"	"ERR2211027"	"ERR2211077"	"ERR2211087"	"ERR2211097"	"ERR2211107"	"ERR2211117"	"ERR2211177"	"ERR2211197"	"ERR2211267"	"ERR2211277"	"ERR2211337"	"ERR2210878"	"ERR2210898"	"ERR2210908"	"ERR2210918"	"ERR2210978"	"ERR2210998"	"ERR2211008"	"ERR2211018"	"ERR2211088"	"ERR2211118"	"ERR2211178"	"ERR2211248"	"ERR2211268"	"ERR2211278"	"ERR2210879"	"ERR2210889"	"ERR2210899"	"ERR2210919"	"ERR2210979"	"ERR2210989"	"ERR2210999"	"ERR2211009"	"ERR2211019"	"ERR2211029"	"ERR2211079"	"ERR2211119"	"ERR2211179"	"ERR2211189"	"ERR2211209"	"ERR2211269"	"ERR2211409"
"570086"	304	201	660	285	276	223	523	180	81	170	332	19	155	172	0	210	429	375	142	396	228	245	451	44	70	60	242	85	0	0	505	328	484	345	362	220	263	26	25	245	209	91	0	0	459	177	620	95	848	411	31	35	915	152	194	36	398	0	0	0	0	413	139	71	105	56	407	239	165	224	44	17	0	346	857	11	73	268	22	19	672	278	67	83	505	173	198	0	0	360	415	28	124	80	11	358	551	767	244	3	307	137	58	0	0	206	304	33	275	17	26	132	135	26	29	177	966	177	254	48	51	229	170	0	131	108	101	276	16	109	1000	364	230	404	202	36	102	144	375	357	333	291	15	22	208	524	88	60	51	149	52	4	182	217	0
"221791"	0	0	0	0	0	0	0	0	0	0	0	0	0	0	0	0	0	0	0	0	0	0	0	0	0	0	0	0	0	0	0	0	0	0	0	0	0	0	0	0	0	0	0	0	0	0	0	0	0	0	0	0	0	0	0	0	0	0	0	0	0	0	0	0	0	0	0	0	0	0	0	0	0	0	0	0	0	0	0	0	0	0	0	0	0	0	0	0	0	0	0	0	0	0	0	0	0	0	0	0	0	0	0	0	0	0	0	0	0	0	0	0	0	0	0	0	0	0	0	0	0	0	0	0	0	0	0	0	0	0	0	0	0	0	0	0	0	0	0	0	0	0	0	0	0	0	0	0	0	0	0	0	0	0	0
"217700"	63	5	33	16	39	28	69	2	2	19	51	17	54	15	0	17	21	31	54	92	24	9	7	4	6	3	4	1	0	0	16	21	31	58	10	9	13	2	1	1	3	29	0	0	11	13	12	17	33	22	3	5	14	1	14	5	22	0	0	0	0	14	22	21	6	9	1	19	15	24	22	27	0	14	19	11	37	24	2	2	97	39	8	14	25	27	64	0	0	9	18	7	45	3	2	9	8	31	31	5	18	25	23	0	0	44	36	6	22	18	29	19	7	4	0	14	27	3	19	2	7	50	42	0	48	8	21	14	10	31	83	10	8	77	23	18	38	25	59	87	29	27	10	16	33	35	7	1	3	63	10	12	12	29	0
"852722"	0	0	0	0	0	0	0	0	0	0	0	0	0	0	0	0	0	0	0	0	0	0	0	0	0	0	0	0	0	0	0	0	0	0	0	0	0	0	0	0	0	0	0	0	0	0	0	0	0	0	0	0	0	0	0	0	0	0	0	0	0	0	0	0	0	0	0	0	0	0	0	0	0	0	0	0	0	0	0	0	0	0	0	0	0	0	0	0	0	0	0	0	0	0	0	0	0	0	0	0	0	0	0	0	0	0	0	0	0	0	0	0	0	0	0	0	0	0	0	0	0	0	0	0	0	0	0	0	0	0	0	0	0	0	0	0	0	0	0	0	0	0	0	0	0	0	0	0	0	0	0	0	0	0	0
"849156"	1177	316	834	1956	1790	1857	3204	741	827	977	1940	660	640	593	0	1682	1024	1334	1144	3729	1271	2876	209	846	320	2348	2432	631	0	0	1859	1160	1111	1946	545	582	2087	125	1019	661	1508	533	0	0	1700	797	520	2720	618	712	1418	4500	5582	1287	541	181	1028	0	0	0	0	970	1823	1155	611	2698	2421	2226	835	393	925	318	0	1003	1380	2033	5325	3948	1599	2497	2769	1796	462	233	418	288	676	0	0	1031	2037	777	6474	130	1405	6479	1226	4143	1540	46	1129	208	499	0	0	6357	1159	513	2226	1621	5098	4865	673	135	971	2564	3516	1327	952	200	953	2106	1119	0	1218	429	2201	1414	2327	5440	2869	1737	3036	2965	2492	399	1204	406	1861	1773	1043	2316	4766	3073	1789	1459	2484	55	1294	831	581	97	539	597	0
"4477117"	0	0	0	0	0	0	0	0	0	0	0	0	0	0	0	0	0	0	0	0	0	0	0	0	0	0	0	0	0	0	0	0	0	0	0	0	0	0	0	0	0	0	0	0	0	0	0	0	0	0	0	0	0	0	0	0	0	0	0	0	0	0	0	0	0	0	0	0	0	0	0	0	0	0	0	0	0	0	0	0	0	0	0	0	0	0	0	0	0	0	0	0	0	0	0	0	0	0	0	0	0	0	0	0	0	0	0	0	0	0	0	0	0	0	0	0	0	0	0	0	0	0	0	0	0	0	0	0	0	0	0	0	0	0	0	0	0	0	0	0	0	0	0	0	0	0	0	0	0	0	0	0	0	0	0
"221349"	0	0	0	0	0	0	0	0	0	0	0	0	0	0	0	0	0	0	0	0	0	0	0	0	0	0	0	0	0	0	0	0	0	0	0	0	0	0	0	0	0	0	0	0	0	0	0	0	0	0	0	0	0	0	0	0	0	0	0	0	0	0	0	0	0	0	0	0	0	0	0	0	0	0	0	0	0	0	0	0	0	0	0	0	0	0	0	0	0	0	0	0	0	0	0	0	0	0	0	0	0	0	0	0	0	0	0	0	0	0	0	0	0	0	0	0	0	0	0	0	0	0	0	0	0	0	0	0	0	0	0	0	0	0	0	0	0	0	0	0	0	0	0	0	0	0	0	0	0	0	0	0	0	0	0
"4434837"	1066	2262	4747	112	457	648	2497	893	1368	2670	1734	379	558	404	0	6308	5477	6074	447	1465	602	3934	755	1025	773	69	513	113	0	0	2958	4684	2324	714	2609	840	1723	362	28	240	327	482	0	0	6480	3156	1612	115	2160	2262	55	84	721	307	1512	68	753	0	0	0	0	3233	102	503	623	86	64	2211	3875	460	55	219	0	3004	3122	104	128	401	54	42	2057	2490	318	663	798	958	677	0	0	3497	920	43	179	344	30	144	1797	5450	4667	6	429	360	284	0	0	2313	2048	180	589	77	204	374	1224	496	21	627	1203	736	4903	122	164	673	740	0	1571	1029	617	575	56	935	2426	4167	236	3555	297	127	80	705	2994	3599	6592	668	52	79	484	2381	398	223	33	3151	247	7	366	525	0
"573135"	1258	393	2114	706	1138	838	2884	475	404	887	3253	142	677	608	0	1889	982	2234	882	1771	865	883	389	367	284	548	775	94	0	0	1951	1594	1791	1779	856	669	1023	133	164	305	710	960	0	0	2822	702	925	785	1435	867	321	581	2137	649	1335	72	260	0	0	0	0	1895	904	891	379	608	586	2477	2601	412	422	245	0	1407	1499	437	951	1336	255	311	1917	1886	188	178	272	558	566	0	0	1756	1047	331	1438	210	185	1224	689	2900	3367	82	187	390	391	0	0	1515	1513	284	803	615	1007	893	669	250	165	574	1949	1186	3077	86	242	511	462	0	1425	536	738	713	483	1193	2169	1035	1064	3129	420	268	450	566	1656	1530	1740	1078	352	561	885	1160	900	110	254	2603	174	116	297	562	0
"3609950"	0	0	0	0	0	0	0	0	0	0	0	0	0	0	0	0	0	0	0	0	0	0	0	0	0	0	0	0	0	0	0	0	0	0	0	0	0	0	0	0	0	0	0	0	0	0	0	0	0	0	0	0	0	0	0	0	0	0	0	0	0	0	0	0	0	0	0	0	0	0	0	0	0	0	0	0	0	0	0	0	0	0	0	0	0	0	0	0	0	0	0	0	0	0	0	0	0	0	0	0	0	0	0	0	0	0	0	0	0	0	0	0	0	0	0	0	0	0	0	0	0	0	0	0	0	0	0	0	0	0	0	0	0	0	0	0	0	0	0	0	0	0	0	0	0	0	0	0	0	0	0	0	0	0	0
"4339351"	270	61	569	435	205	211	460	221	215	649	806	84	111	174	0	511	421	483	114	341	191	224	79	110	353	266	332	199	0	0	178	175	352	211	728	89	714	140	117	124	152	134	0	0	457	116	251	144	167	867	306	257	407	128	140	77	68	0	0	0	0	307	143	118	155	304	274	1310	353	93	34	44	0	170	401	57	142	180	140	186	1052	755	36	38	14	87	214	0	0	455	343	84	315	88	134	1317	331	1709	546	1	82	62	141	0	0	310	243	70	369	57	102	100	168	28	77	330	607	148	275	90	41	136	590	0	182	112	243	229	75	148	774	250	524	714	356	42	62	235	346	410	237	358	85	75	279	475	475	19	262	398	74	9	271	241	0
"541511"	831	360	1474	44	137	161	348	52	122	226	217	64	147	100	0	1151	1109	1871	67	421	145	232	69	39	123	34	60	55	0	0	944	881	1407	136	143	78	255	30	17	30	644	146	0	0	1204	623	4968	46	119	285	27	38	323	412	1224	24	180	0	0	0	0	1208	73	73	87	127	46	336	571	132	15	33	0	924	1045	26	91	136	25	34	1166	291	101	92	162	290	187	0	0	1256	1741	20	157	32	18	104	83	644	370	13	219	95	57	0	0	1190	1013	445	1392	46	48	69	67	30	19	61	408	373	84	83	103	73	100	0	1017	356	1864	1052	52	140	827	130	228	226	265	96	40	128	1322	1123	1632	1842	31	78	1658	426	246	4	16	169	85	40	207	101	0
"624858"	0	0	0	0	0	0	0	0	0	0	0	0	0	0	0	0	0	0	0	0	0	0	0	0	0	0	0	0	0	0	0	0	0	0	0	0	0	0	0	0	0	0	0	0	0	0	0	0	0	0	0	0	0	0	0	0	0	0	0	0	0	0	0	0	0	0	0	0	0	0	0	0	0	0	0	0	0	0	0	0	0	0	0	0	0	0	0	0	0	0	0	0	0	0	0	0	0	0	0	0	0	0	0	0	0	0	0	0	0	0	0	0	0	0	0	0	0	0	0	0	0	0	0	0	0	0	0	0	0	0	0	0	0	0	0	0	0	0	0	0	0	0	0	0	0	0	0	0	0	0	0	0	0	0	0
"922761"	0	0	0	0	0	0	0	0	0	0	0	0	0	0	0	0	0	0	0	0	0	0	0	0	0	0	0	0	0	0	0	0	0	0	0	0	0	0	0	0	0	0	0	0	0	0	0	0	0	0	0	0	0	0	0	0	0	0	0	0	0	0	0	0	0	0	0	0	0	0	0	0	0	0	0	0	0	0	0	0	0	0	0	0	0	0	0	0	0	0	0	0	0	0	0	0	0	0	0	0	0	0	0	0	0	0	0	0	0	0	0	0	0	0	0	0	0	0	0	0	0	0	0	0	0	0	0	0	0	0	0	0	0	0	0	0	0	0	0	0	0	0	0	0	0	0	0	0	0	0	0	0	0	0	0
"1111883"	0	0	0	0	0	0	0	0	0	0	0	0	0	0	0	0	0	0	0	0	0	0	0	0	0	0	0	0	0	0	0	0	0	0	0	0	0	0	0	0	0	0	0	0	0	0	0	0	0	0	0	0	0	0	0	0	0	0	0	0	0	0	0	0	0	0	0	0	0	0	0	0	0	0	0	0	0	0	0	0	0	0	0	0	0	0	0	0	0	0	0	0	0	0	0	0	0	0	0	0	0	0	0	0	0	0	0	0	0	0	0	0	0	0	0	0	0	0	0	0	0	0	0	0	0	0	0	0	0	0	0	0	0	0	0	0	0	0	0	0	0	0	0	0	0	0	0	0	0	0	0	0	0	0	0
"225453"	4	1	5	5	9	5	22	4	12	8	9	0	0	0	0	7	18	26	5	4	6	4	1	122	2	6	12	0	0	0	52	20	8	10	2	4	5	0	0	0	4	1	0	0	13	5	4	5	3	6	3	1	10	2	11	0	0	0	0	0	0	16	3	4	0	2	8	5	8	0	3	1	0	11	12	0	4	2	2	4	9	6	0	0	0	0	0	0	0	26	17	3	6	0	2	7	1	79	9	0	0	0	1	0	0	14	3	481	13	3	6	2	1	0	1	5	8	3	16	0	1	2	0	0	8	6	16	9	5	8	7	3	8	13	1	0	0	0	9	9	10	13	3	1	4	9	5	0	0	8	0	0	0	2	0
"562922"	0	0	0	0	0	0	0	0	0	0	0	0	0	0	0	0	0	0	0	0	0	0	0	0	0	0	0	0	0	0	0	0	0	0	0	0	0	0	0	0	0	0	0	0	0	0	0	0	0	0	0	0	0	0	0	0	0	0	0	0	0	0	0	0	0	0	0	0	0	0	0	0	0	0	0	0	0	0	0	0	0	0	0	0	0	0	0	0	0	0	0	0	0	0	0	0	0	0	0	0	0	0	0	0	0	0	0	0	0	0	0	0	0	0	0	0	0	0	0	0	0	0	0	0	0	0	0	0	0	0	0	0	0	0	0	0	0	0	0	0	0	0	0	0	0	0	0	0	0	0	0	0	0	0	0
"591340"	0	0	0	0	0	0	0	0	0	0	0	0	0	0	0	0	0	0	0	0	0	0	0	0	0	0	0	0	0	0	0	0	0	0	0	0	0	0	0	0	0	0	0	0	0	0	0	0	0	0	0	0	0	0	0	0	0	0	0	0	0	0	0	0	0	0	0	0	0	0	0	0	0	0	0	0	0	0	0	0	0	0	0	0	0	0	0	0	0	0	0	0	0	0	0	0	0	0	0	0	0	0	0	0	0	0	0	0	0	0	0	0	0	0	0	0	0	0	0	0	0	0	0	0	0	0	0	0	0	0	0	0	0	0	0	0	0	0	0	0	0	0	0	0	0	0	0	0	0	0	0	0	0	0	0
"828127"	0	0	0	0	0	0	0	0	0	0	0	0	0	0	0	0	0	0	0	0	0	0	0	0	0	0	0	0	0	0	0	0	0	0	0	0	0	0	0	0	0	0	0	0	0	0	0	0	0	0	0	0	0	0	0	0	0	0	0	0	0	0	0	0	0	0	0	0	0	0	0	0	0	0	0	0	0	0	0	0	0	0	0	0	0	0	0	0	0	0	0	0	0	0	0	0	0	0	0	0	0	0	0	0	0	0	0	0	0	0	0	0	0	0	0	0	0	0	0	0	0	0	0	0	0	0	0	0	0	0	0	0	0	0	0	0	0	0	0	0	0	0	0	0	0	0	0	0	0	0	0	0	0	0	0
"545548"	0	0	0	0	0	0	0	0	0	0	0	0	0	0	0	0	0	0	0	0	0	0	0	0	0	0	0	0	0	0	0	0	0	0	0	0	0	0	0	0	0	0	0	0	0	0	0	0	0	0	0	0	0	0	0	0	0	0	0	0	0	0	0	0	0	0	0	0	0	0	0	0	0	0	0	0	0	0	0	0	0	0	0	0	0	0	0	0	0	0	0	0	0	0	0	0	0	0	0	0	0	0	0	0	0	0	0	0	0	0	0	0	0	0	0	0	0	0	0	0	0	0	0	0	0	0	0	0	0	0	0	0	0	0	0	0	0	0	0	0	0	0	0	0	0	0	0	0	0	0	0	0	0	0	0
"562604"	0	0	0	0	0	0	0	0	0	0	0	0	0	0	0	0	0	0	0	0	0	0	0	0	0	0	0	0	0	0	0	0	0	0	0	0	0	0	0	0	0	0	0	0	0	0	0	0	0	0	0	0	0	0	0	0	0	0	0	0	0	0	0	0	0	0	0	0	0	0	0	0	0	0	0	0	0	0	0	0	0	0	0	0	0	0	0	0	0	0	0	0	0	0	0	0	0	0	0	0	0	0	0	0	0	0	0	0	0	0	0	0	0	0	0	0	0	0	0	0	0	0	0	0	0	0	0	0	0	0	0	0	0	0	0	0	0	0	0	0	0	0	0	0	0	0	0	0	0	0	0	0	0	0	0
"646549"	186	112	342	134	159	81	1284	34	264	294	190	944	29	70	0	177	427	305	122	257	1024	203	34	4327	118	62	1042	564	0	0	1083	455	332	299	255	30	444	30	28	25	872	34	0	0	890	509	157	174	64	169	1229	92	608	606	145	79	124	0	0	0	0	267	110	170	34	117	226	481	165	117	36	1893	0	273	260	66	73	373	50	88	283	237	118	22	45	42	74	0	0	498	196	53	69	42	49	146	413	1211	333	3	64	47	98	0	0	177	248	12367	617	57	74	73	75	19	45	143	147	42	157	123	119	1030	88	0	113	50	300	149	46	319	227	294	340	1357	864	25	46	23	170	141	279	376	52	64	170	763	180	8	148	135	1009	13	134	96	0
"1107346"	0	0	0	0	0	0	0	0	0	0	0	0	0	0	0	0	0	0	0	0	0	0	0	0	0	0	0	0	0	0	0	0	0	0	0	0	0	0	0	0	0	0	0	0	0	0	0	0	0	0	0	0	0	0	0	0	0	0	0	0	0	0	0	0	0	0	0	0	0	0	0	0	0	0	0	0	0	0	0	0	0	0	0	0	0	0	0	0	0	0	0	0	0	0	0	0	0	0	0	0	0	0	0	0	0	0	0	0	0	0	0	0	0	0	0	0	0	0	0	0	0	0	0	0	0	0	0	0	0	0	0	0	0	0	0	0	0	0	0	0	0	0	0	0	0	0	0	0	0	0	0	0	0	0	0
"591157"	0	0	0	0	0	0	0	0	0	0	0	0	0	0	0	0	0	0	0	0	0	0	0	0	0	0	0	0	0	0	0	0	0	0	0	0	0	0	0	0	0	0	0	0	0	0	0	0	0	0	0	0	0	0	0	0	0	0	0	0	0	0	0	0	0	0	0	0	0	0	0	0	0	0	0	0	0	0	0	0	0	0	0	0	0	0	0	0	0	0	0	0	0	0	0	0	0	0	0	0	0	0	0	0	0	0	0	0	0	0	0	0	0	0	0	0	0	0	0	0	0	0	0	0	0	0	0	0	0	0	0	0	0	0	0	0	0	0	0	0	0	0	0	0	0	0	0	0	0	0	0	0	0	0	0
"521158"	791	995	2344	899	1553	1040	3077	872	789	2969	5371	303	1101	1094	0	1110	997	10211	1068	2331	944	1716	2514	903	2575	2055	1436	192	0	0	914	954	1797	3219	2692	3452	2449	455	564	317	3837	2394	0	0	1161	890	1483	1116	6154	3415	1226	2333	4179	614	1982	369	307	0	0	0	0	1360	1540	1528	1368	1468	789	1896	1752	419	647	532	0	1381	1881	997	1385	886	961	1271	1658	1743	266	329	172	590	977	0	0	2489	756	497	1526	1517	510	1692	951	4236	3307	684	649	426	782	0	0	1210	1231	358	1286	1111	1694	8024	1397	1081	577	2728	1376	1086	3307	205	1568	523	820	0	1121	564	1050	493	824	1801	2594	2196	3272	3120	182	400	802	902	1275	1136	1803	779	538	1203	1116	917	1787	620	1110	3592	128	253	360	706	0
"751555"	148	63	353	269	598	161	416	49	44	162	895	44	195	139	0	122	150	418	209	315	148	84	54	45	47	425	189	36	0	0	108	129	351	364	132	116	131	26	143	49	110	243	0	0	108	175	146	240	188	169	160	333	279	94	221	25	39	0	0	0	0	987	220	316	45	252	143	380	303	80	78	66	0	134	177	112	186	207	163	186	423	261	26	46	49	114	121	0	0	191	325	100	262	49	106	4800	115	696	485	40	51	91	67	0	0	211	134	98	235	92	195	221	66	47	115	366	335	125	422	32	44	106	122	0	201	59	260	198	73	211	378	126	449	505	132	81	85	105	224	124	356	289	88	138	163	163	109	22	179	386	30	55	103	149	0
"585878"	0	0	0	0	0	0	0	0	0	0	0	0	0	0	0	0	0	0	0	0	0	0	0	0	0	0	0	0	0	0	0	0	0	0	0	0	0	0	0	0	0	0	0	0	0	0	0	0	0	0	0	0	0	0	0	0	0	0	0	0	0	0	0	0	0	0	0	0	0	0	0	0	0	0	0	0	0	0	0	0	0	0	0	0	0	0	0	0	0	0	0	0	0	0	0	0	0	0	0	0	0	0	0	0	0	0	0	0	0	0	0	0	0	0	0	0	0	0	0	0	0	0	0	0	0	0	0	0	0	0	0	0	0	0	0	0	0	0	0	0	0	0	0	0	0	0	0	0	0	0	0	0	0	0	0
"144633"	0	0	0	0	0	0	0	0	0	0	0	0	0	0	0	0	0	0	0	0	0	0	0	0	0	0	0	0	0	0	0	0	0	0	0	0	0	0	0	0	0	0	0	0	0	0	0	0	0	0	0	0	0	0	0	0	0	0	0	0	0	0	0	0	0	0	0	0	0	0	0	0	0	0	0	0	0	0	0	0	0	0	0	0	0	0	0	0	0	0	0	0	0	0	0	0	0	0	0	0	0	0	0	0	0	0	0	0	0	0	0	0	0	0	0	0	0	0	0	0	0	0	0	0	0	0	0	0	0	0	0	0	0	0	0	0	0	0	0	0	0	0	0	0	0	0	0	0	0	0	0	0	0	0	0
"4318356"	555	105	304	859	1362	691	1647	412	408	1606	530	294	1167	719	0	328	270	464	999	1757	540	688	653	506	315	242	256	201	0	0	361	194	355	2331	1246	1082	1333	223	93	39	68	1810	0	0	366	224	318	992	1686	1647	196	423	234	74	92	257	591	0	0	0	0	343	1013	1046	426	174	108	356	84	376	648	695	0	303	354	825	1148	863	136	227	332	262	538	413	140	734	1360	0	0	405	641	370	1068	548	102	445	232	515	159	195	506	418	826	0	0	856	485	144	820	1032	1305	967	947	442	63	646	217	170	614	332	520	764	1227	0	771	147	760	376	658	1242	1715	1065	676	241	139	215	1018	1409	818	478	418	782	413	821	883	612	1030	274	106	275	131	152	557	950	0
"353494"	1	1	18	0	0	0	1	0	2	1	1	2	4	2	0	3	3	15	0	0	0	0	0	1	0	0	0	2	0	0	3	6	14	1	2	0	0	0	1	0	1	0	0	0	7	6	7	0	0	1	1	1	1	0	11	0	0	0	0	0	0	2	0	0	0	2	0	0	0	5	1	3	0	4	4	0	0	0	1	0	1	0	1	3	0	4	5	0	0	1	5	0	0	0	0	0	0	0	1	0	0	0	1	0	0	4	1	4	5	0	0	0	0	0	0	0	0	0	0	1	1	3	2	0	4	3	11	2	0	0	0	0	0	1	1	1	0	1	4	4	10	10	0	0	0	0	0	0	0	0	1	1	18	2	0
"532125"	84	37	258	40	64	39	134	55	36	131	47	27	31	44	0	79	158	268	56	102	37	75	207	42	29	4	4	17	0	0	84	72	255	109	234	328	147	23	0	0	2	51	0	0	94	92	136	65	415	218	1	3	2	0	6	40	15	0	0	0	0	106	72	64	55	4	0	5	4	29	11	29	0	114	148	45	47	39	3	0	3	4	18	51	29	50	55	0	0	151	169	29	58	77	0	2	1	7	7	27	179	64	47	0	0	150	74	77	159	102	80	36	82	52	0	6	3	2	24	26	25	23	27	0	1519	42	235	84	63	70	99	155	4	9	14	43	52	23	100	100	196	168	24	58	46	38	90	54	0	10	7	147	18	16	0
"1021984"	576	191	725	281	255	233	526	54	69	205	224	295	454	285	0	377	718	1314	177	565	191	78	49	58	47	171	68	89	0	0	334	481	1046	364	99	96	129	40	63	31	49	480	0	0	372	697	438	287	154	210	104	137	206	36	103	116	193	0	0	0	0	445	244	212	41	204	82	246	129	478	396	294	0	482	452	210	316	231	127	63	213	160	71	322	320	703	382	0	0	500	914	162	353	35	64	222	41	352	139	333	204	406	364	0	0	793	259	529	677	330	394	540	83	44	35	194	176	47	136	256	145	470	521	0	930	243	1240	538	333	410	382	121	149	136	632	870	273	232	673	390	764	1001	212	262	229	155	179	16	73	125	254	298	256	246	0
"509899"	0	0	0	0	0	0	0	0	0	0	0	0	0	0	0	0	0	0	0	0	0	0	0	0	0	0	0	0	0	0	0	0	0	0	0	0	0	0	0	0	0	0	0	0	0	0	0	0	0	0	0	0	0	0	0	0	0	0	0	0	0	0	0	0	0	0	0	0	0	0	0	0	0	0	0	0	0	0	0	0	0	0	0	0	0	0	0	0	0	0	0	0	0	0	0	0	0	0	0	0	0	0	0	0	0	0	0	0	0	0	0	0	0	0	0	0	0	0	0	0	0	0	0	0	0	0	0	0	0	0	0	0	0	0	0	0	0	0	0	0	0	0	0	0	0	0	0	0	0	0	0	0	0	0	0
"213308"	0	0	0	0	0	0	0	0	0	0	0	0	0	0	0	0	0	0	0	0	0	0	0	0	0	0	0	0	0	0	0	0	0	0	0	0	0	0	0	0	0	0	0	0	0	0	0	0	0	0	0	0	0	0	0	0	0	0	0	0	0	0	0	0	0	0	0	0	0	0	0	0	0	0	0	0	0	0	0	0	0	0	0	0	0	0	0	0	0	0	0	0	0	0	0	0	0	0	0	0	0	0	0	0	0	0	0	0	0	0	0	0	0	0	0	0	0	0	0	0	0	0	0	0	0	0	0	0	0	0	0	0	0	0	0	0	0	0	0	0	0	0	0	0	0	0	0	0	0	0	0	0	0	0	0
"570595"	141	91	360	215	339	228	553	136	118	340	815	67	252	158	0	179	302	502	232	515	216	168	121	131	89	470	224	30	0	0	139	193	433	397	261	220	346	42	242	54	130	237	0	0	157	336	220	237	360	283	247	500	390	128	250	24	97	0	0	0	0	156	243	235	96	478	195	431	362	146	159	137	0	192	287	262	477	253	308	284	323	339	31	164	119	225	216	0	0	183	268	136	563	119	194	874	65	776	552	136	114	188	187	0	0	236	96	136	202	264	489	402	183	101	141	532	326	172	379	100	61	207	237	0	232	89	390	160	264	519	548	317	540	526	151	271	146	137	187	147	488	272	178	308	275	174	331	50	227	316	55	272	132	164	0
"2068089"	0	0	0	0	0	0	0	0	0	0	0	0	0	0	0	0	0	0	0	0	0	0	0	0	0	0	0	0	0	0	0	0	0	0	0	0	0	0	0	0	0	0	0	0	0	0	0	0	0	0	0	0	0	0	0	0	0	0	0	0	0	0	0	0	0	0	0	0	0	0	0	0	0	0	0	0	0	0	0	0	0	0	0	0	0	0	0	0	0	0	0	0	0	0	0	0	0	0	0	0	0	0	0	0	0	0	0	0	0	0	0	0	0	0	0	0	0	0	0	0	0	0	0	0	0	0	0	0	0	0	0	0	0	0	0	0	0	0	0	0	0	0	0	0	0	0	0	0	0	0	0	0	0	0	0
"1142871"	0	0	0	0	0	0	0	0	0	0	0	0	0	0	0	0	0	0	0	0	0	0	0	0	0	0	0	0	0	0	0	0	0	0	0	0	0	0	0	0	0	0	0	0	0	0	0	0	0	0	0	0	0	0	0	0	0	0	0	0	0	0	0	0	0	0	0	0	0	0	0	0	0	0	0	0	0	0	0	0	0	0	0	0	0	0	0	0	0	0	0	0	0	0	0	0	0	0	0	0	0	0	0	0	0	0	0	0	0	0	0	0	0	0	0	0	0	0	0	0	0	0	0	0	0	0	0	0	0	0	0	0	0	0	0	0	0	0	0	0	0	0	0	0	0	0	0	0	0	0	0	0	0	0	0
"837424"	68	25	478	6	4	8	17	4	3	4	58	8	7	6	0	74	89	174	2	10	6	3	11	3	5	0	1	2	0	0	74	64	292	10	5	60	1	1	1	0	2	8	0	0	66	79	158	10	12	9	0	1	3	1	14	1	2	0	0	0	0	197	10	4	1	1	1	11	14	7	11	6	0	184	182	1	8	9	1	1	20	5	6	6	2	15	13	0	0	261	144	4	6	0	0	7	2	13	37	1	4	28	4	0	0	123	112	39	187	9	5	9	4	2	1	1	6	5	27	2	10	7	10	0	141	36	146	79	9	12	25	4	3	26	23	1	3	9	120	73	123	182	4	5	7	11	1	2	0	35	6	3	19	5	0
"571484"	0	0	0	0	0	0	0	0	0	0	0	0	0	0	0	0	0	0	0	0	0	0	0	0	0	0	0	0	0	0	0	0	0	0	0	0	0	0	0	0	0	0	0	0	0	0	0	0	0	0	0	0	0	0	0	0	0	0	0	0	0	0	0	0	0	0	0	0	0	0	0	0	0	0	0	0	0	0	0	0	0	0	0	0	0	0	0	0	0	0	0	0	0	0	0	0	0	0	0	0	0	0	0	0	0	0	0	0	0	0	0	0	0	0	0	0	0	0	0	0	0	0	0	0	0	0	0	0	0	0	0	0	0	0	0	0	0	0	0	0	0	0	0	0	0	0	0	0	0	0	0	0	0	0	0
"4308759"	9	3	18	44	31	27	73	8	12	24	0	19	13	28	0	5	22	19	24	62	25	5	4	10	12	0	0	4	0	0	6	11	28	64	6	16	30	6	0	0	0	24	0	0	10	20	7	40	25	23	1	1	1	0	2	15	6	0	0	0	0	7	36	28	23	2	0	0	0	20	6	17	0	11	12	33	42	34	0	0	0	0	6	15	28	35	27	0	0	8	35	29	69	5	0	1	0	2	0	29	7	39	27	0	0	26	3	16	30	51	85	46	14	7	0	0	0	0	1	33	15	25	17	0	33	4	42	14	48	54	65	18	1	3	27	56	10	14	5	4	23	23	35	38	32	22	18	3	0	0	9	31	6	12	0
"537655"	1	0	2	0	0	0	0	0	0	1	0	1	7	7	0	1	2	1	0	0	0	0	0	0	0	0	0	0	0	0	1	1	1	0	0	0	0	0	0	0	0	6	0	0	0	0	0	0	0	0	0	0	0	0	0	2	2	0	0	0	0	0	0	0	0	0	0	0	0	4	4	4	0	1	1	0	0	0	0	0	0	0	0	2	6	12	2	0	0	1	0	0	1	0	0	0	0	0	0	4	3	9	1	0	0	1	0	1	0	0	0	0	0	0	0	0	0	0	0	0	2	3	8	0	0	0	2	1	0	0	0	0	0	0	1	3	3	1	0	1	0	1	0	0	1	0	0	0	0	0	0	0	0	5	0
"250522"	0	0	0	0	0	0	0	0	0	0	0	0	0	0	0	0	0	0	0	0	0	0	0	0	0	0	0	0	0	0	0	0	0	0	0	0	0	0	0	0	0	0	0	0	0	0	0	0	0	0	0	0	0	0	0	0	0	0	0	0	0	0	0	0	0	0	0	0	0	0	0	0	0	0	0	0	0	0	0	0	0	0	0	0	0	0	0	0	0	0	0	0	0	0	0	0	0	0	0	0	0	0	0	0	0	0	0	0	0	0	0	0	0	0	0	0	0	0	0	0	0	0	0	0	0	0	0	0	0	0	0	0	0	0	0	0	0	0	0	0	0	0	0	0	0	0	0	0	0	0	0	0	0	0	0
"207355"	0	0	0	0	0	0	0	0	0	0	0	0	0	0	0	0	0	0	0	0	0	0	0	0	0	0	0	0	0	0	0	0	0	0	0	0	0	0	0	0	0	0	0	0	0	0	0	0	0	0	0	0	0	0	0	0	0	0	0	0	0	0	0	0	0	0	0	0	0	0	0	0	0	0	0	0	0	0	0	0	0	0	0	0	0	0	0	0	0	0	0	0	0	0	0	0	0	0	0	0	0	0	0	0	0	0	0	0	0	0	0	0	0	0	0	0	0	0	0	0	0	0	0	0	0	0	0	0	0	0	0	0	0	0	0	0	0	0	0	0	0	0	0	0	0	0	0	0	0	0	0	0	0	0	0
"142384"	0	0	0	0	0	0	0	0	0	0	0	0	0	0	0	0	0	0	0	0	0	0	0	0	0	0	0	0	0	0	0	0	0	0	0	0	0	0	0	0	0	0	0	0	0	0	0	0	0	0	0	0	0	0	0	0	0	0	0	0	0	0	0	0	0	0	0	0	0	0	0	0	0	0	0	0	0	0	0	0	0	0	0	0	0	0	0	0	0	0	0	0	0	0	0	0	0	0	0	0	0	0	0	0	0	0	0	0	0	0	0	0	0	0	0	0	0	0	0	0	0	0	0	0	0	0	0	0	0	0	0	0	0	0	0	0	0	0	0	0	0	0	0	0	0	0	0	0	0	0	0	0	0	0	0
"4469039"	0	0	0	0	0	0	0	0	0	0	0	0	0	0	0	0	0	0	0	0	0	0	0	0	0	0	0	0	0	0	0	0	0	0	0	0	0	0	0	0	0	0	0	0	0	0	0	0	0	0	0	0	0	0	0	0	0	0	0	0	0	0	0	0	0	0	0	0	0	0	0	0	0	0	0	0	0	0	0	0	0	0	0	0	0	0	0	0	0	0	0	0	0	0	0	0	0	0	0	0	0	0	0	0	0	0	0	0	0	0	0	0	0	0	0	0	0	0	0	0	0	0	0	0	0	0	0	0	0	0	0	0	0	0	0	0	0	0	0	0	0	0	0	0	0	0	0	0	0	0	0	0	0	0	0
"673712"	0	0	0	0	0	0	0	0	0	0	0	0	0	0	0	0	0	0	0	0	0	0	0	0	0	0	0	0	0	0	0	0	0	0	0	0	0	0	0	0	0	0	0	0	0	0	0	0	0	0	0	0	0	0	0	0	0	0	0	0	0	0	0	0	0	0	0	0	0	0	0	0	0	0	0	0	0	0	0	0	0	0	0	0	0	0	0	0	0	0	0	0	0	0	0	0	0	0	0	0	0	0	0	0	0	0	0	0	0	0	0	0	0	0	0	0	0	0	0	0	0	0	0	0	0	0	0	0	0	0	0	0	0	0	0	0	0	0	0	0	0	0	0	0	0	0	0	0	0	0	0	0	0	0	0
"571700"	0	0	0	0	0	0	0	0	0	0	0	0	0	0	0	0	0	0	0	0	0	0	0	0	0	0	0	0	0	0	0	0	0	0	0	0	0	0	0	0	0	0	0	0	0	0	0	0	0	0	0	0	0	0	0	0	0	0	0	0	0	0	0	0	0	0	0	0	0	0	0	0	0	0	0	0	0	0	0	0	0	0	0	0	0	0	0	0	0	0	0	0	0	0	0	0	0	0	0	0	0	0	0	0	0	0	0	0	0	0	0	0	0	0	0	0	0	0	0	0	0	0	0	0	0	0	0	0	0	0	0	0	0	0	0	0	0	0	0	0	0	0	0	0	0	0	0	0	0	0	0	0	0	0	0
"112867"	0	0	0	0	0	0	0	0	0	0	0	0	0	0	0	0	0	0	0	0	0	0	0	0	0	0	0	0	0	0	0	0	0	0	0	0	0	0	0	0	0	0	0	0	0	0	0	0	0	0	0	0	0	0	0	0	0	0	0	0	0	0	0	0	0	0	0	0	0	0	0	0	0	0	0	0	0	0	0	0	0	0	0	0	0	0	0	0	0	0	0	0	0	0	0	0	0	0	0	0	0	0	0	0	0	0	0	0	0	0	0	0	0	0	0	0	0	0	0	0	0	0	0	0	0	0	0	0	0	0	0	0	0	0	0	0	0	0	0	0	0	0	0	0	0	0	0	0	0	0	0	0	0	0	0
"237257"	0	0	0	0	0	0	0	0	0	0	0	0	0	0	0	0	0	0	0	0	0	0	0	0	0	0	0	0	0	0	0	0	0	0	0	0	0	0	0	0	0	0	0	0	0	0	0	0	0	0	0	0	0	0	0	0	0	0	0	0	0	0	0	0	0	0	0	0	0	0	0	0	0	0	0	0	0	0	0	0	0	0	0	0	0	0	0	0	0	0	0	0	0	0	0	0	0	0	0	0	0	0	0	0	0	0	0	0	0	0	0	0	0	0	0	0	0	0	0	0	0	0	0	0	0	0	0	0	0	0	0	0	0	0	0	0	0	0	0	0	0	0	0	0	0	0	0	0	0	0	0	0	0	0	0
"819893"	0	0	0	0	0	0	0	0	0	0	0	0	0	0	0	0	0	0	0	0	0	0	0	0	0	0	0	0	0	0	0	0	0	0	0	0	0	0	0	0	0	0	0	0	0	0	0	0	0	0	0	0	0	0	0	0	0	0	0	0	0	0	0	0	0	0	0	0	0	0	0	0	0	0	0	0	0	0	0	0	0	0	0	0	0	0	0	0	0	0	0	0	0	0	0	0	0	0	0	0	0	0	0	0	0	0	0	0	0	0	0	0	0	0	0	0	0	0	0	0	0	0	0	0	0	0	0	0	0	0	0	0	0	0	0	0	0	0	0	0	0	0	0	0	0	0	0	0	0	0	0	0	0	0	0
"588703"	5	1	9	5	7	0	9	6	3	7	1	18	7	27	0	2	9	6	7	6	0	3	1	0	1	1	0	2	0	0	1	3	1	6	7	5	4	1	0	0	2	19	0	0	1	2	1	2	6	4	1	1	1	0	1	21	8	0	0	0	0	1	9	2	0	5	0	0	2	18	10	13	0	2	0	2	10	4	0	0	0	1	6	8	4	13	57	0	0	1	5	5	10	2	0	1	0	2	0	5	8	12	43	0	0	2	0	4	4	12	6	9	4	2	0	4	1	1	1	14	24	14	18	0	8	0	7	4	8	15	11	5	1	2	20	14	17	24	4	1	5	8	7	2	6	5	5	0	5	0	4	16	6	12	0
"783660"	155	44	209	285	416	293	702	220	223	642	745	83	230	120	0	104	176	238	304	636	300	450	384	224	178	751	408	36	0	0	83	95	172	629	534	668	530	96	324	85	307	257	0	0	107	175	91	364	837	725	460	746	727	223	167	37	81	0	0	0	0	105	370	270	2040	935	407	834	353	124	232	123	0	110	114	272	561	386	506	458	573	571	53	120	83	185	226	0	0	134	148	181	644	245	347	1234	177	1520	396	88	83	135	143	0	0	134	92	66	129	372	600	467	464	130	219	809	613	297	279	91	54	212	201	0	172	52	216	94	333	574	732	611	938	516	79	106	171	206	142	113	247	193	184	324	325	333	504	120	333	286	62	55	93	180	0
"112949"	0	0	0	0	0	0	0	0	0	0	0	0	0	0	0	0	0	0	0	0	0	0	0	0	0	0	0	0	0	0	0	0	0	0	0	0	0	0	0	0	0	0	0	0	0	0	0	0	0	0	0	0	0	0	0	0	0	0	0	0	0	0	0	0	0	0	0	0	0	0	0	0	0	0	0	0	0	0	0	0	0	0	0	0	0	0	0	0	0	0	0	0	0	0	0	0	0	0	0	0	0	0	0	0	0	0	0	0	0	0	0	0	0	0	0	0	0	0	0	0	0	0	0	0	0	0	0	0	0	0	0	0	0	0	0	0	0	0	0	0	0	0	0	0	0	0	0	0	0	0	0	0	0	0	0
"1081222"	1769	491	1183	346	290	212	639	246	203	654	978	77	815	525	0	1469	1852	2155	128	419	199	395	281	273	157	721	627	47	0	0	876	984	1406	380	458	479	600	93	269	157	419	934	0	0	973	1380	989	242	730	545	677	661	895	298	218	35	344	0	0	0	0	1161	299	230	206	822	550	1352	331	285	1066	388	0	993	992	209	428	443	500	478	553	602	118	177	142	495	474	0	0	1296	3104	119	661	187	309	892	160	1118	660	195	270	255	403	0	0	2353	773	907	3022	296	599	509	454	139	179	917	590	278	875	130	320	1102	660	0	2439	509	3515	1616	245	688	541	623	713	748	156	179	571	447	1952	1168	1565	3964	149	306	254	176	575	111	320	260	74	231	303	672	0
"215825"	0	0	0	0	0	0	0	0	0	0	0	0	0	0	0	0	0	0	0	0	0	0	0	0	0	0	0	0	0	0	0	0	0	0	0	0	0	0	0	0	0	0	0	0	0	0	0	0	0	0	0	0	0	0	0	0	0	0	0	0	0	0	0	0	0	0	0	0	0	0	0	0	0	0	0	0	0	0	0	0	0	0	0	0	0	0	0	0	0	0	0	0	0	0	0	0	0	0	0	0	0	0	0	0	0	0	0	0	0	0	0	0	0	0	0	0	0	0	0	0	0	0	0	0	0	0	0	0	0	0	0	0	0	0	0	0	0	0	0	0	0	0	0	0	0	0	0	0	0	0	0	0	0	0	0
"223655"	0	0	0	0	0	0	0	0	0	0	0	0	0	0	0	0	0	0	0	0	0	0	0	0	0	0	0	0	0	0	0	0	0	0	0	0	0	0	0	0	0	0	0	0	0	0	0	0	0	0	0	0	0	0	0	0	0	0	0	0	0	0	0	0	0	0	0	0	0	0	0	0	0	0	0	0	0	0	0	0	0	0	0	0	0	0	0	0	0	0	0	0	0	0	0	0	0	0	0	0	0	0	0	0	0	0	0	0	0	0	0	0	0	0	0	0	0	0	0	0	0	0	0	0	0	0	0	0	0	0	0	0	0	0	0	0	0	0	0	0	0	0	0	0	0	0	0	0	0	0	0	0	0	0	0
"357721"	0	0	0	0	0	0	0	0	0	0	0	0	0	0	0	0	0	0	0	0	0	0	0	0	0	0	0	0	0	0	0	0	0	0	0	0	0	0	0	0	0	0	0	0	0	0	0	0	0	0	0	0	0	0	0	0	0	0	0	0	0	0	0	0	0	0	0	0	0	0	0	0	0	0	0	0	0	0	0	0	0	0	0	0	0	0	0	0	0	0	0	0	0	0	0	0	0	0	0	0	0	0	0	0	0	0	0	0	0	0	0	0	0	0	0	0	0	0	0	0	0	0	0	0	0	0	0	0	0	0	0	0	0	0	0	0	0	0	0	0	0	0	0	0	0	0	0	0	0	0	0	0	0	0	0
"368218"	57	22	113	201	219	144	427	87	76	168	409	67	149	156	0	41	78	127	187	348	141	99	54	60	40	275	480	19	0	0	45	55	100	417	112	106	169	24	125	25	90	314	0	0	38	363	34	235	180	166	157	264	194	94	3978	25	127	0	0	0	0	50	228	216	56	223	114	165	236	100	147	87	0	35	52	212	372	326	166	372	122	118	49	92	57	298	197	0	0	49	80	95	384	62	79	258	61	476	408	71	120	86	229	0	0	76	22	62	62	309	453	374	89	65	74	260	128	79	191	24	81	191	168	0	89	17	125	62	279	401	344	159	300	225	98	169	71	116	71	27	103	113	166	972	177	120	472	18	114	192	34	466	141	111	0
"225379"	0	0	0	0	0	0	0	0	0	0	0	0	0	0	0	0	0	0	0	0	0	0	0	0	0	0	0	0	0	0	0	0	0	0	0	0	0	0	0	0	0	0	0	0	0	0	0	0	0	0	0	0	0	0	0	0	0	0	0	0	0	0	0	0	0	0	0	0	0	0	0	0	0	0	0	0	0	0	0	0	0	0	0	0	0	0	0	0	0	0	0	0	0	0	0	0	0	0	0	0	0	0	0	0	0	0	0	0	0	0	0	0	0	0	0	0	0	0	0	0	0	0	0	0	0	0	0	0	0	0	0	0	0	0	0	0	0	0	0	0	0	0	0	0	0	0	0	0	0	0	0	0	0	0	0
"1129425"	31	9	53	67	67	45	137	39	17	57	199	38	106	75	0	25	36	79	54	114	46	53	29	36	11	82	41	5	0	0	27	31	70	144	66	51	68	10	22	8	40	153	0	0	13	46	38	71	113	63	46	55	70	39	2004	3	41	0	0	0	0	53	90	68	22	88	35	54	128	72	117	56	0	24	50	55	94	58	56	43	37	51	11	36	42	199	111	0	0	47	47	47	133	45	23	56	22	149	244	49	44	74	87	0	0	35	14	31	41	123	119	116	68	28	18	118	59	30	176	21	51	141	80	0	40	17	61	24	84	120	96	72	68	147	81	117	38	47	39	16	73	60	47	67	38	41	117	10	32	111	21	83	37	41	0
"100640"	0	0	0	0	0	0	0	0	0	0	0	0	0	0	0	0	0	0	0	0	0	0	0	0	0	0	0	0	0	0	0	0	0	0	0	0	0	0	0	0	0	0	0	0	0	0	0	0	0	0	0	0	0	0	0	0	0	0	0	0	0	0	0	0	0	0	0	0	0	0	0	0	0	0	0	0	0	0	0	0	0	0	0	0	0	0	0	0	0	0	0	0	0	0	0	0	0	0	0	0	0	0	0	0	0	0	0	0	0	0	0	0	0	0	0	0	0	0	0	0	0	0	0	0	0	0	0	0	0	0	0	0	0	0	0	0	0	0	0	0	0	0	0	0	0	0	0	0	0	0	0	0	0	0	0
"539866"	0	0	0	1	0	0	0	0	0	1	0	0	0	0	0	0	0	0	0	0	0	1	0	3	0	0	1	0	0	0	0	1	1	0	0	0	1	0	0	0	0	0	0	0	0	0	0	0	0	0	0	1	0	0	0	0	1	0	0	0	0	0	0	0	0	1	1	1	0	0	0	0	0	0	0	0	0	0	0	1	1	0	0	0	0	0	1	0	0	0	0	0	0	0	0	1	0	1	0	0	0	0	1	0	0	0	0	0	0	0	0	1	0	0	0	0	1	0	0	0	0	0	0	0	0	0	0	0	0	0	1	0	0	1	0	0	0	1	0	0	0	0	1	1	0	0	0	0	0	0	0	0	0	0	0
"532139"	0	0	0	0	0	0	0	0	0	0	0	0	0	0	0	0	0	0	0	0	0	0	0	0	0	0	0	0	0	0	0	0	0	0	0	0	0	0	0	0	0	0	0	0	0	0	0	0	0	0	0	0	0	0	0	0	0	0	0	0	0	0	0	0	0	0	0	0	0	0	0	0	0	0	0	0	0	0	0	0	0	0	0	0	0	0	0	0	0	0	0	0	0	0	0	0	0	0	0	0	0	0	0	0	0	0	0	0	0	0	0	0	0	0	0	0	0	0	0	0	0	0	0	0	0	0	0	0	0	0	0	0	0	0	0	0	0	0	0	0	0	0	0	0	0	0	0	0	0	0	0	0	0	0	0
"254346"	2	1	2	1	0	1	1	0	0	0	8	0	1	1	0	1	1	1	2	1	0	1	0	0	0	0	0	0	0	0	0	0	1	2	0	0	0	0	0	0	0	2	0	0	1	0	2	0	0	0	0	0	0	0	25	0	2	0	0	0	0	0	1	0	0	0	0	0	5	7	1	2	0	0	1	0	1	0	0	0	0	0	1	1	2	2	3	0	0	0	1	1	1	0	0	0	0	1	13	1	1	5	2	0	0	2	0	3	2	1	0	1	0	0	1	0	0	0	7	3	0	1	1	0	0	1	0	0	1	2	1	0	0	9	5	1	3	2	3	1	3	0	1	1	0	0	0	0	0	3	1	26	2	3	0
"4359497"	0	0	0	0	0	0	0	0	0	0	0	0	0	0	0	0	0	0	0	0	0	0	0	0	0	0	0	0	0	0	0	0	0	0	0	0	0	0	0	0	0	0	0	0	0	0	0	0	0	0	0	0	0	0	0	0	0	0	0	0	0	0	0	0	0	0	0	0	0	0	0	0	0	0	0	0	0	0	0	0	0	0	0	0	0	0	0	0	0	0	0	0	0	0	0	0	0	0	0	0	0	0	0	0	0	0	0	0	0	0	0	0	0	0	0	0	0	0	0	0	0	0	0	0	0	0	0	0	0	0	0	0	0	0	0	0	0	0	0	0	0	0	0	0	0	0	0	0	0	0	0	0	0	0	0
"113004"	173	95	557	438	471	592	734	257	177	550	711	133	268	176	0	202	322	971	333	948	297	329	175	201	99	273	159	29	0	0	149	290	570	530	355	259	394	66	137	55	126	161	0	0	179	517	183	441	640	499	294	298	332	117	375	16	168	0	0	0	0	281	362	253	167	312	157	269	367	144	280	144	0	191	299	467	877	571	300	187	225	290	29	62	83	140	224	0	0	186	188	330	1227	139	145	350	44	553	744	78	169	126	178	0	0	207	117	96	202	729	910	1594	314	129	63	346	193	127	525	51	735	309	397	0	264	79	272	145	700	932	773	511	348	589	203	107	165	124	199	180	453	192	422	471	468	316	530	56	135	511	97	60	198	197	0
"1081489"	0	0	0	0	0	0	0	0	0	0	0	0	0	0	0	0	0	0	0	0	0	0	0	0	0	0	0	0	0	0	0	0	0	0	0	0	0	0	0	0	0	0	0	0	0	0	0	0	0	0	0	0	0	0	0	0	0	0	0	0	0	0	0	0	0	0	0	0	0	0	0	0	0	0	0	0	0	0	0	0	0	0	0	0	0	0	0	0	0	0	0	0	0	0	0	0	0	0	0	0	0	0	0	0	0	0	0	0	0	0	0	0	0	0	0	0	0	0	0	0	0	0	0	0	0	0	0	0	0	0	0	0	0	0	0	0	0	0	0	0	0	0	0	0	0	0	0	0	0	0	0	0	0	0	0
"539336"	0	0	0	0	0	0	0	0	0	0	0	0	0	0	0	0	0	0	0	0	0	0	0	0	0	0	0	0	0	0	0	0	0	0	0	0	0	0	0	0	0	0	0	0	0	0	0	0	0	0	0	0	0	0	0	0	0	0	0	0	0	0	0	0	0	0	0	0	0	0	0	0	0	0	0	0	0	0	0	0	0	0	0	0	0	0	0	0	0	0	0	0	0	0	0	0	0	0	0	0	0	0	0	0	0	0	0	0	0	0	0	0	0	0	0	0	0	0	0	0	0	0	0	0	0	0	0	0	0	0	0	0	0	0	0	0	0	0	0	0	0	0	0	0	0	0	0	0	0	0	0	0	0	0	0
"226240"	67	28	295	13	56	51	77	7	15	27	35	72	36	16	0	59	107	193	19	102	27	15	14	8	23	20	8	19	0	0	72	142	145	57	12	13	22	5	3	10	13	8	0	0	51	113	114	26	11	30	9	13	148	4	13	3	39	0	0	0	0	71	17	25	4	21	11	18	14	64	20	9	0	97	100	18	41	39	15	6	54	33	8	26	17	19	29	0	0	109	26	14	54	6	4	18	6	89	40	8	66	24	12	0	0	113	120	7	18	19	36	35	5	5	7	27	34	11	40	28	12	48	23	0	32	48	37	16	26	63	84	15	18	57	28	40	5	18	93	68	182	27	16	32	48	41	15	0	3	63	152	27	138	26	0
"329490"	0	0	1	0	1	0	2	1	0	1	3	0	0	2	0	0	1	1	0	0	1	1	1	0	2	9	2	0	0	0	0	2	1	0	5	0	1	0	2	1	0	1	0	0	0	0	0	1	5	3	1	4	6	1	1	0	0	0	0	0	0	0	0	0	2	4	2	3	5	0	0	0	0	1	2	2	2	2	5	1	2	2	0	0	0	3	0	0	0	1	0	0	1	0	0	8	1	12	16	0	0	2	0	0	0	1	1	0	3	1	0	0	2	0	1	4	2	2	2	0	0	0	0	0	2	0	1	2	0	1	3	3	4	8	0	0	1	0	1	0	1	2	0	2	0	0	2	0	2	2	0	0	0	0	0
"778795"	0	0	0	0	0	0	0	0	0	0	0	0	0	0	0	0	0	0	0	0	0	0	0	0	0	0	0	0	0	0	0	0	0	0	0	0	0	0	0	0	0	0	0	0	0	0	0	0	0	0	0	0	0	0	0	0	0	0	0	0	0	0	0	0	0	0	0	0	0	0	0	0	0	0	0	0	0	0	0	0	0	0	0	0	0	0	0	0	0	0	0	0	0	0	0	0	0	0	0	0	0	0	0	0	0	0	0	0	0	0	0	0	0	0	0	0	0	0	0	0	0	0	0	0	0	0	0	0	0	0	0	0	0	0	0	0	0	0	0	0	0	0	0	0	0	0	0	0	0	0	0	0	0	0	0
"256569"	0	0	0	0	0	0	0	0	0	0	0	0	0	0	0	0	0	0	0	0	0	0	0	0	0	0	0	0	0	0	0	0	0	0	0	0	0	0	0	0	0	0	0	0	0	0	0	0	0	0	0	0	0	0	0	0	0	0	0	0	0	0	0	0	0	0	0	0	0	0	0	0	0	0	0	0	0	0	0	0	0	0	0	0	0	0	0	0	0	0	0	0	0	0	0	0	0	0	0	0	0	0	0	0	0	0	0	0	0	0	0	0	0	0	0	0	0	0	0	0	0	0	0	0	0	0	0	0	0	0	0	0	0	0	0	0	0	0	0	0	0	0	0	0	0	0	0	0	0	0	0	0	0	0	0
"235541"	0	0	0	0	0	0	0	0	0	0	0	0	0	0	0	0	0	0	0	0	0	0	0	0	0	0	0	0	0	0	0	0	0	0	0	0	0	0	0	0	0	0	0	0	0	0	0	0	0	0	0	0	0	0	0	0	0	0	0	0	0	0	0	0	0	0	0	0	0	0	0	0	0	0	0	0	0	0	0	0	0	0	0	0	0	0	0	0	0	0	0	0	0	0	0	0	0	0	0	0	0	0	0	0	0	0	0	0	0	0	0	0	0	0	0	0	0	0	0	0	0	0	0	0	0	0	0	0	0	0	0	0	0	0	0	0	0	0	0	0	0	0	0	0	0	0	0	0	0	0	0	0	0	0	0
"554390"	7	3	59	5	9	13	27	0	7	5	32	1	42	7	0	8	14	48	9	21	5	2	6	5	1	9	3	3	0	0	8	18	43	27	5	5	3	0	0	1	0	10	0	0	13	8	20	6	35	11	1	5	5	1	19	1	4	0	0	0	0	8	7	4	2	8	3	9	58	45	13	13	0	13	22	5	8	9	5	4	8	8	4	30	6	29	20	0	0	10	12	4	10	2	5	8	1	18	57	3	9	30	14	0	0	16	7	4	6	8	6	6	1	3	2	6	13	1	10	2	2	20	31	0	9	2	14	5	6	7	38	4	8	25	25	8	9	7	12	11	26	10	4	5	6	6	5	4	3	27	4	1	8	27	0
"339660"	1350	398	1577	720	552	389	1108	495	562	817	3218	339	356	313	0	926	1104	2632	426	628	480	1149	274	348	187	507	741	290	0	0	720	1098	2021	911	695	957	843	100	326	274	659	365	0	0	863	1280	763	653	939	776	444	747	1698	539	925	111	792	0	0	0	0	1648	749	415	421	638	1000	2087	1459	104	666	147	0	876	1057	244	574	728	429	401	1718	1768	208	64	120	204	404	0	0	1504	2263	297	649	202	267	1454	768	1854	2655	57	730	127	262	0	0	1848	846	1422	1800	693	698	555	635	182	221	890	1449	816	1628	106	550	460	491	0	2057	429	3354	1697	609	645	1049	1086	1198	2454	500	97	512	291	1839	1201	1670	2668	344	421	370	802	866	89	320	2281	246	30	593	436	0
"817349"	1	0	1	1	0	0	0	0	0	0	0	0	0	0	0	1	0	2	0	0	0	0	0	0	0	0	0	0	0	0	0	2	1	0	0	2	0	0	1	0	0	0	0	0	0	2	0	0	0	0	0	0	0	0	0	0	0	0	0	0	0	1	0	0	0	0	0	0	0	0	0	0	0	1	1	0	0	0	0	0	0	0	0	0	0	0	0	0	0	3	1	0	0	0	0	0	0	0	0	0	0	0	0	0	0	2	0	0	0	0	0	0	0	0	0	1	0	0	0	0	0	0	0	0	3	2	3	1	0	0	0	0	0	0	0	0	0	0	0	1	1	0	0	0	0	0	0	0	0	0	0	0	0	0	0
"824146"	1850	975	4387	1214	1098	993	2517	1016	617	1357	4660	566	1320	767	0	3447	2852	5385	879	1735	906	1431	661	707	367	1479	1370	134	0	0	1560	2357	3825	1959	1427	1192	1410	207	569	268	1211	1333	0	0	1740	2175	1891	1195	3121	1336	913	1504	1766	1041	1878	174	595	0	0	0	0	2579	1207	921	733	1457	1052	2485	3636	1271	1065	653	0	1592	2313	652	1517	1312	1108	889	1830	2076	303	873	861	1266	1579	0	0	1788	1988	488	1673	479	672	2682	391	3903	5904	276	482	989	823	0	0	2327	1454	1026	1625	1521	1530	1624	1268	537	467	1523	1734	1110	3422	853	354	1284	1713	0	2644	672	2694	1385	1168	1556	2357	1969	2131	4656	1424	739	976	1097	2611	1637	4401	2373	737	786	893	1168	1361	261	795	3172	382	469	606	1308	0
"962736"	0	0	0	0	0	0	0	0	0	0	0	0	0	0	0	0	0	0	0	0	0	0	0	0	0	0	0	0	0	0	0	0	0	0	0	0	0	0	0	0	0	0	0	0	0	0	0	0	0	0	0	0	0	0	0	0	0	0	0	0	0	0	0	0	0	0	0	0	0	0	0	0	0	0	0	0	0	0	0	0	0	0	0	0	0	0	0	0	0	0	0	0	0	0	0	0	0	0	0	0	0	0	0	0	0	0	0	0	0	0	0	0	0	0	0	0	0	0	0	0	0	0	0	0	0	0	0	0	0	0	0	0	0	0	0	0	0	0	0	0	0	0	0	0	0	0	0	0	0	0	0	0	0	0	0
"591358"	0	0	0	0	0	0	0	0	0	0	0	0	0	0	0	0	0	0	0	0	0	0	0	0	0	0	0	0	0	0	0	0	0	0	0	0	0	0	0	0	0	0	0	0	0	0	0	0	0	0	0	0	0	0	0	0	0	0	0	0	0	0	0	0	0	0	0	0	0	0	0	0	0	0	0	0	0	0	0	0	0	0	0	0	0	0	0	0	0	0	0	0	0	0	0	0	0	0	0	0	0	0	0	0	0	0	0	0	0	0	0	0	0	0	0	0	0	0	0	0	0	0	0	0	0	0	0	0	0	0	0	0	0	0	0	0	0	0	0	0	0	0	0	0	0	0	0	0	0	0	0	0	0	0	0
"556561"	25	2	58	7	9	6	17	6	6	18	49	20	56	38	0	14	26	64	6	15	9	11	6	15	5	20	20	16	0	0	15	28	67	15	13	30	30	0	7	16	6	83	0	0	16	32	24	7	34	21	13	10	18	7	22	8	27	0	0	0	0	18	10	5	5	16	8	19	31	45	44	54	0	12	44	15	14	12	13	16	8	13	14	71	23	45	66	0	0	26	19	6	16	14	11	28	0	33	39	7	15	42	71	0	0	15	9	8	28	10	25	18	11	9	6	27	11	12	39	29	28	31	60	0	17	6	55	11	11	13	20	25	28	50	3	20	30	41	33	12	60	17	8	13	5	4	26	1	8	34	11	16	7	31	0
"529793"	9	5	48	3	4	2	6	2	4	4	22	7	5	6	0	11	18	61	3	6	4	1	10	1	0	6	2	1	0	0	3	16	48	4	2	9	1	3	0	0	0	19	0	0	8	37	32	2	22	4	2	0	2	0	10	1	2	0	0	0	0	20	2	2	2	4	0	4	5	10	14	5	0	23	27	0	2	1	4	2	6	5	3	1	0	11	14	0	0	24	17	1	3	2	1	1	1	16	8	2	5	13	7	0	0	16	5	19	13	3	2	4	5	0	1	5	1	2	14	2	7	10	8	0	19	11	29	15	4	1	2	3	0	12	3	11	16	7	20	8	37	19	1	1	2	0	3	2	3	10	4	6	12	8	0
"550219"	0	0	0	0	0	0	0	0	0	0	0	0	0	0	0	0	0	0	0	0	0	0	0	0	0	0	0	0	0	0	0	0	0	0	0	0	0	0	0	0	0	0	0	0	0	0	0	0	0	0	0	0	0	0	0	0	0	0	0	0	0	0	0	0	0	0	0	0	0	0	0	0	0	0	0	0	0	0	0	0	0	0	0	0	0	0	0	0	0	0	0	0	0	0	0	0	0	0	0	0	0	0	0	0	0	0	0	0	0	0	0	0	0	0	0	0	0	0	0	0	0	0	0	0	0	0	0	0	0	0	0	0	0	0	0	0	0	0	0	0	0	0	0	0	0	0	0	0	0	0	0	0	0	0	0
"254401"	334	80	301	141	355	343	730	73	140	274	219	31	95	80	0	315	171	413	286	562	276	181	68	74	83	142	124	33	0	0	191	291	306	572	189	101	239	47	96	37	153	102	0	0	244	155	153	227	166	255	61	155	377	96	129	24	94	0	0	0	0	354	364	208	55	119	102	479	238	71	77	44	0	280	274	86	268	495	66	115	575	320	26	24	32	66	97	0	0	332	395	127	359	36	57	299	197	792	377	26	132	56	50	0	0	382	372	77	256	105	186	236	85	40	44	180	469	87	182	21	44	83	127	0	397	118	244	261	88	339	828	145	285	380	116	52	60	90	583	310	310	350	87	131	338	362	320	17	76	305	46	38	102	84	0
