	HP301.W9	CML277.W6.1	CML277.W10	IL14H.W10.1	B73.W6	MO17.W7.1	HP301.W12.1	IL14H.W4	IL14H.W6	B73.W8	IL14H.W11.1	CML277.W5	HP301.W10
4479944	6	22	7	13	22	37	14	25	12	31	4	31	9
513055	892	422	537	294	277	542	511	493	113	340	217	336	217
519510	120	46	42	51	31	56	18	100	27	58	9	37	34
810959	68	58	67	164	25	102	92	56	30	57	19	42	107
849092	68	43	666	499	16	76	48	15	17	62	61	37	216
1042671	216	165	81	311	85	223	125	582	106	278	19	420	23
818174	1230	620	266	806	130	841	237	1209	142	950	66	851	84
585221	39	140	12	6	326	129	46	113	29	219	7	60	47
1033380	20	6	1	20	1	14	9	11	6	12	4	14	11
875704	320	374	95	186	118	310	122	444	92	251	23	331	75
112952	28	37	21	27	24	54	47	41	31	45	14	28	35
760955	81	44	73	9	29	54	8	45	8	34	0	14	9
683649	21	1	10	9	0	4	36	2	1	1	7	0	3
4337833	5	3	18	27	2	7	22	6	0	6	9	4	9
146122	30	22	30	23	21	41	88	45	24	24	19	23	36
590601	3	1	6	10	4	3	4	2	4	0	2	0	1
588630	34	20	11	21	17	31	25	12	5	22	8	7	12
255750	56	68	28	67	42	51	109	103	25	36	42	57	37
541155	46	11	18	24	13	20	58	14	9	5	24	7	20
736463	1	1	3	5	0	5	27	3	0	2	5	1	1
761601	119	104	69	73	186	186	49	203	40	188	22	83	61
529067	47	9	33	21	7	40	9	9	19	34	1	14	4
107036	11	5	19	19	4	13	32	17	8	7	13	5	20
570086	30	53	71	28	121	113	0	25	57	8	10	24	18
1000876	47	15	27	71	3	37	47	27	12	19	4	16	31
1132235	39	13	28	34	10	37	32	23	18	20	10	18	31
740154	9	7	19	29	5	13	25	8	3	1	34	0	28
943138	38	2	137	305	0	0	14	1	0	1	130	0	15
544711	27	35	74	121	16	88	29	40	37	126	17	51	87
4346961	6	7	14	18	9	23	30	11	6	11	20	8	11
912372	3	2	7	10	0	2	10	3	0	0	6	1	2
1019914	4	29	33	84	4	49	23	7	5	93	21	8	41
811187	208	67	81	221	69	163	363	149	59	133	105	77	84
540592	162	51	57	78	40	79	88	79	13	57	38	22	116
939101	290	97	222	279	51	72	141	120	41	69	75	75	115
1038987	538	659	420	215	197	822	330	821	240	367	172	347	283
107428	7	24	4	4	10	56	18	14	5	18	18	2	6
811435	150	147	58	63	162	242	74	223	91	140	48	183	53
775560	138	98	101	113	63	123	109	146	28	73	36	56	68
743788	172	50	89	979	46	221	12	17	43	99	209	14	190
589500	28	6	17	19	4	6	22	18	10	4	14	9	15
578951	53	65	22	53	39	47	18	38	21	65	4	29	21
206278	90	21	36	128	18	63	19	42	15	44	25	15	33
214676	39	33	22	24	14	22	61	49	14	14	30	15	27
244063	104	76	43	64	98	168	70	125	41	121	33	86	49
4402900	19	1	22	23	7	7	19	13	3	10	5	7	14
221791	10	3	26	22	0	7	37	12	3	3	13	2	10
1107738	244	109	104	140	104	194	275	252	60	128	112	131	55
1897510	17	11	18	3	10	21	11	14	14	12	6	1	15
691349	893	303	248	55	100	250	34	139	85	148	16	90	111
735782	31	101	19	9	67	101	15	76	29	47	4	71	18
255838	64	46	60	72	16	32	98	46	15	21	55	31	58
878663	379	312	53	16	105	232	19	145	46	106	1	110	13
215003	15	5	17	6	2	24	15	2	2	9	8	9	11
254007	19	0	8	9	0	1	22	2	0	3	5	0	7
731014	63	30	24	35	21	43	39	34	16	50	22	31	19
1106796	17	52	9	19	1	10	6	37	15	49	1	19	4
552989	74	51	88	101	54	59	218	106	21	51	115	53	74
206609	153	48	82	322	18	85	245	94	11	102	32	43	17
813418	83	99	76	103	46	83	23	147	78	74	9	217	44
828667	3	5	2	0	2	6	5	2	5	4	0	1	3
217700	726	320	467	180	17	187	79	128	68	318	69	67	85
576136	67	57	47	66	71	104	44	106	15	65	74	72	50
534301	281	97	152	99	149	223	138	194	34	157	86	105	86
535892	3	1	1	5	4	8	10	3	2	3	0	2	3
852722	24	14	11	46	28	27	2	19	7	9	5	138	5
807260	47	45	34	31	17	48	51	37	11	24	29	26	15
849156	63	105	111	915	68	187	2146	128	199	300	357	41	589
207403	43	9	31	15	4	28	15	17	4	6	5	9	8
963779	42	181	49	63	184	112	31	43	140	100	39	213	91
540510	43	54	37	37	23	53	93	84	13	18	80	74	31
4297391	22	4	16	81	5	11	121	5	10	5	46	1	21
565604	44	32	158	271	15	125	62	33	13	75	90	25	129
864507	197	168	88	182	64	151	41	480	80	273	4	353	35
547608	17	23	15	6	14	32	30	33	17	6	11	37	13
780555	3	17	1	1	8	5	0	2	1	0	5	2	13
541299	36	83	190	61	36	270	111	22	20	40	239	34	237
1105280	702	9	610	39	3	5	3207	4	26	19	5921	5	918
586388	71	75	108	228	37	125	85	69	65	83	77	63	109
4477117	67	15	18	29	5	23	19	31	19	30	6	26	17
808319	71	62	54	23	21	110	56	75	13	61	13	43	28
3468909	93	49	35	43	25	68	34	99	15	46	35	63	36
221349	39	4	63	86	1	4	365	11	6	2	139	10	46
816291	52	35	25	30	19	52	38	39	26	37	13	45	21
331647	19	2	23	24	3	10	22	4	1	1	32	1	8
4434837	43	4136	89	76	423	65	17	10	9	346	93	142	78
876066	1	1	2	5	1	5	12	5	0	4	8	5	2
976441	111	110	159	102	42	181	85	41	36	20	161	43	161
573135	13	12	23	20	2	10	8	6	4	7	9	12	13
247867	24	7	14	7	3	12	36	9	3	5	9	13	18
1107011	404	74	202	246	57	131	273	161	59	36	294	46	181
959372	90	46	80	73	36	123	141	92	30	44	47	36	51
810882	34	42	19	38	53	30	5	48	42	41	12	16	13
906820	266	189	127	184	178	396	235	324	119	220	91	262	98
1068902	114	103	132	50	22	153	94	49	30	36	17	16	89
854930	52	73	354	77	4	27	718	26	35	25	9	46	164
205244	24	18	9	12	10	16	36	21	10	6	21	12	7
944435	12	18	40	121	9	22	71	25	9	20	71	6	28
822806	188	246	80	111	16	135	50	86	59	278	103	94	44
17991	266	379	88	191	264	378	16	316	549	1008	0	667	101
250148	47	13	2697	105	3	24	39	19	21	30	234	21	115
878714	14	10	1	18	2	17	17	15	1	6	3	10	7
562332	25	11	19	16	9	12	29	6	4	4	19	12	20
3609950	28	18	21	21	15	28	17	33	6	28	12	8	24
4339351	6	14	2	1	3	6	3	8	4	3	0	2	3
664216	42	12	39	35	8	11	136	32	16	7	40	11	27
1028953	77	137	22	252	23	156	13	120	19	200	2	303	25
1053775	3342	1346	2849	2123	781	1895	269	1011	1198	1398	379	1109	628
4320381	20	18	35	14	7	30	21	20	8	22	8	7	6
968121	3	9	4	12	1	12	35	3	1	1	2	1	13
1105814	44	12	45	37	10	19	26	22	8	19	14	8	25
987899	7	9	10	9	12	28	9	7	6	15	2	12	13
535678	23	4	20	17	5	16	20	2	5	18	17	8	28
1118109	12	0	29	24	1	12	16	7	1	7	13	1	13
946179	26	16	21	24	14	50	22	26	20	18	9	16	13
313833	334	115	705	167	30	165	220	65	24	148	243	18	196
358590	127	68	50	32	82	129	41	124	32	99	31	94	30
249571	318	141	51	14	35	114	12	113	135	120	13	37	58
1106748	52	26	27	22	14	31	65	36	3	33	18	12	56
4476891	112	40	13	78	31	124	47	200	23	70	5	82	43
541511	169	107	41	41	36	109	9	69	43	56	7	27	25
1106324	232	1433	764	1720	159	426	72	165	667	212	1320	123	819
150877	14	4	13	4	4	19	29	18	3	5	7	6	11
1115404	133	316	34	281	37	256	143	396	21	440	6	249	25
811449	91	176	425	152	92	172	237	86	82	170	583	113	586
350446	41	28	39	18	24	41	17	29	13	28	29	19	37
788268	78	62	55	128	26	96	64	91	37	96	43	37	60
1110303	1717	640	1079	862	231	614	865	561	171	584	576	249	424
591683	57	36	27	11	13	38	17	31	11	26	16	37	10
254949	128	24	83	164	35	121	112	142	17	57	5	144	16
216748	9	3	5	11	3	14	18	4	7	6	2	2	10
222900	140	99	33	55	19	73	27	170	28	58	11	33	52
984175	3	4	4	18	2	3	19	3	2	14	4	3	5
610753	744	159	718	834	86	361	427	150	180	172	372	119	548
672471	48	24	22	33	24	41	31	49	17	28	11	29	10
893232	13	3	5	11	6	14	15	11	5	12	3	8	6
1107128	63	11	52	107	6	13	150	42	9	3	122	7	34
791738	1069	132	2199	1339	74	253	37	127	95	237	624	93	476
551895	910	1071	444	162	240	895	125	934	222	634	75	522	274
578508	222	102	150	218	135	261	165	216	67	87	107	116	79
370301	13	8	19	32	16	19	57	37	10	12	9	11	5
173004	318	411	193	239	221	434	378	482	139	311	132	269	179
754410	470	109	118	100	322	139	120	181	321	46	15	257	39
1059762	32	10	38	50	8	28	32	8	18	27	1	9	12
1144575	14	20	67	34	4	36	29	9	1	18	18	0	42
1080447	65	30	55	85	23	49	79	51	29	26	31	36	48
3276016	22	12	14	10	7	22	38	17	6	6	9	16	2
141365	0	3	5	0	23	2	0	1	6	1	0	2	6
2259380	4	19	5	19	7	26	19	15	7	9	6	5	29
994823	20	5	21	17	7	13	58	5	9	3	19	11	7
865520	40	76	17	47	23	60	87	118	16	51	10	38	27
538315	52	31	32	21	14	62	24	31	13	25	16	17	15
102024	7	2	5	18	3	4	11	4	0	3	9	2	6
676066	8	2	10	13	2	8	23	5	1	3	6	0	24
559780	868	42	709	61	18	46	25	18	26	20	13	11	48
249773	80	47	37	46	30	69	121	54	17	55	52	44	25
209233	320	0	652	140	4	7	323	0	3	1	599	0	195
1071316	108	184	28	185	102	173	61	335	96	162	19	259	37
709971	66	22	65	50	8	16	51	14	6	27	25	21	38
356083	297	169	125	231	147	320	242	341	115	189	119	195	123
879040	851	301	465	207	138	285	310	410	195	237	75	686	207
210344	171	32	108	26	38	52	69	59	20	62	20	44	19
4350559	156	54	78	95	93	137	72	150	36	165	33	47	38
1069213	55	21	27	206	9	33	47	89	19	50	17	69	23
624858	21	24	11	9	9	16	10	15	5	3	12	15	11
4369011	43	13	120	41	1	17	0	10	1	50	4	3	12
654742	763	305	759	418	224	426	1300	550	227	162	791	421	460
367995	1201	506	505	146	284	495	242	715	288	263	106	664	232
833645	63	48	9	53	42	41	62	76	13	11	39	62	15
800292	1114	234	435	47	80	190	16	148	47	153	8	93	63
217929	96	87	206	104	42	167	150	97	25	96	68	33	173
592301	1687	2454	833	589	347	1515	87	892	1136	895	243	602	437
922761	39	345	637	274	1260	195	105	417	362	39	781	536	187
810700	21	3	6	34	6	11	32	18	15	10	3	12	12
1111883	5	2	2	5	0	1	12	8	0	4	1	0	4
814282	9	12	12	31	1	25	7	46	1	15	37	47	11
588861	111	127	60	25	22	139	5	102	35	64	5	47	46
225453	7	378	6	65	224	276	1	102	64	38	4	108	4
993474	3	1	0	1	0	1	6	1	3	2	0	3	0
969805	1982	2936	1985	2296	2557	2880	1864	1141	2650	1847	1362	3737	2639
662808	7	5	3	5	3	23	27	16	9	9	8	12	8
920852	15	2	24	12	2	5	14	0	5	16	91	4	27
223441	5	4	15	0	4	7	0	0	0	4	7	7	3
4358255	141	27	88	46	3	76	28	28	8	40	11	15	14
812809	262	172	135	169	145	211	246	238	34	157	81	115	108
513073	555	267	328	178	176	352	185	418	210	210	29	255	124
1024056	3	31	14	7	16	15	15	9	10	17	4	8	11
564004	55	7	50	32	6	19	38	15	4	13	20	7	32
223764	16	0	3	12	0	4	6	13	1	1	3	0	3
552186	10	5	43	12	3	8	0	14	1	10	2	1	5
208595	56	57	24	32	37	100	20	97	5	61	5	53	16
587313	118	21	63	84	30	29	181	44	16	25	107	26	38
850135	64	110	203	131	21	56	37	47	23	62	29	27	154
510204	28	18	5	4	8	5	7	3	4	7	11	14	24
48487	143	29	75	73	43	197	123	49	19	86	12	61	32
284171	18	12	9	25	9	30	22	34	2	11	8	4	21
940828	51	21	68	76	10	24	90	41	6	25	77	8	41
1096572	182	96	120	102	86	187	90	102	51	107	58	71	96
142247	6	4	2	115	0	3	2	1	2	33	2	0	1
358664	23	48	2	3	40	64	12	90	9	32	7	53	13
575688	8	23	213	50	56	19	16	27	26	6	6	15	11
580625	3203	1180	3431	3185	556	1296	2121	1115	561	1048	1412	825	1932
1116937	50	24	42	66	15	52	75	46	12	25	26	33	31
1104437	446	318	82	85	196	530	23	580	88	214	18	324	136
918840	21	24	20	26	22	46	16	71	23	39	15	28	23
929699	104	37	46	81	34	45	51	76	25	13	31	33	41
562922	13	16	8	18	9	15	8	8	4	13	9	6	18
591340	156	58	44	169	32	130	58	78	20	124	4	74	37
828127	74	19	24	21	25	16	16	41	3	13	7	12	8
1104733	321	782	199	233	60	314	52	226	194	137	6842	137	250
207082	64	17	90	55	15	27	36	27	7	24	21	20	16
20428	8	28	8	47	2	7	16	13	3	40	3	27	9
512148	4	5	10	20	8	5	19	1	4	13	17	2	6
545548	192	151	126	84	49	162	36	102	51	77	21	61	95
562604	111	65	64	72	51	172	86	120	43	73	43	87	44
279206	15	36	48	68	8	36	27	12	15	36	56	5	14
646549	1236	1903	1841	601	13777	1758	162	686	2171	1483	510	2590	3012
4379833	128	473	62	35	46	156	6	220	55	200	34	44	47
810167	2228	1462	1517	1759	359	1026	874	1062	400	875	566	509	768
3319380	16	14	10	25	9	15	13	14	13	13	3	6	4
225894	39	52	90	130	28	86	205	16	11	11	145	6	146
1107346	175	271	198	185	146	218	585	293	73	87	244	256	214
1042519	52	6	26	61	0	11	0	7	0	5	0	5	20
547148	213	159	83	90	118	203	190	262	86	180	70	172	49
541741	94	101	55	58	139	141	39	198	41	96	20	81	40
854050	60	57	27	35	19	90	81	115	21	11	31	42	33
1093690	60	77	43	81	42	112	68	62	19	50	25	31	48
358785	6	3	7	4	3	2	19	5	3	2	13	1	2
820086	65	243	110	94	98	180	29	292	197	65	2	336	19
4321627	329	880	197	191	11	598	24	87	83	228	21	63	156
261663	22	10	15	17	13	25	20	33	7	23	12	8	21
223126	31	39	13	11	4	14	12	48	6	23	5	31	6
808919	7	5	9	44	1	14	15	3	1	3	8	8	8
591157	120	41	162	218	28	71	397	115	17	28	133	31	69
693971	2	0	16	22	0	2	75	2	1	0	32	0	10
940737	1198	1319	1787	863	1204	1144	1621	724	881	784	497	680	675
103869	80	59	28	41	43	92	120	133	25	35	45	81	89
410072	5	15	11	7	3	20	6	7	5	8	3	7	5
545247	103	32	31	27	32	57	47	80	15	58	31	37	42
1020921	176	496	164	376	1023	571	440	137	406	46	0	110	27
1069076	357	288	107	474	586	412	442	790	152	232	89	348	174
822419	151	1557	55	84	378	544	299	251	277	409	137	185	49
519739	7	5	9	18	6	17	14	17	3	2	3	7	7
512542	22	9	20	39	19	20	20	23	8	14	7	14	10
564241	87	44	54	41	57	101	10	81	22	78	10	53	31
521158	9	2	28	24	3	5	22	10	2	4	18	3	10
1084045	13	4	2	17	6	6	12	40	1	3	5	9	5
592129	198	116	200	377	82	227	105	115	90	126	35	77	142
246466	190	82	63	78	65	130	33	95	65	100	19	85	47
930055	227	109	93	157	74	184	112	276	55	201	27	111	61
510591	682	341	358	197	38	266	26	236	88	211	18	150	127
46818	445	268	309	114	86	155	84	97	97	127	75	69	142
931593	167	40	60	54	15	51	44	31	20	56	21	36	19
1108960	399	370	587	1179	191	243	475	186	408	285	493	132	386
142373	31	13	29	11	6	20	43	26	7	16	13	12	19
726736	55	33	58	32	12	49	14	24	13	21	34	16	22
751555	438	233	678	226	150	267	222	173	62	223	83	131	216
547806	124	20	31	26	12	54	9	6	27	34	29	1	54
755077	61	61	32	41	37	59	92	79	14	33	40	37	47
697989	312	143	217	189	95	223	419	259	93	57	145	133	174
989109	2057	1211	1574	727	772	1090	561	1756	708	743	505	962	586
4348098	27	16	16	31	20	34	24	28	22	15	11	29	13
585878	55	49	49	60	37	131	35	71	21	70	12	53	17
236583	12	14	14	11	10	35	24	23	10	16	10	13	13
1008533	8	13	3	43	3	36	7	7	4	18	2	8	4
144633	6	2	15	10	3	4	19	10	3	2	9	6	14
718335	11	0	5	27	2	13	6	9	6	19	0	8	6
4318356	33	25	5	40	16	30	14	30	28	12	2	43	5
353494	7	2	7	0	0	0	2	0	2	0	1	0	1
584331	15	6	7	6	1	18	4	3	37	19	7	13	9
532125	6	3	4	6	2	6	7	15	9	6	0	1	2
128177	27	30	19	9	6	42	17	14	6	22	6	10	33
1106130	782	168	80	54	172	247	86	62	564	260	100	223	135
864304	49	29	16	20	12	63	54	40	19	31	8	29	17
647472	64	35	30	15	35	91	24	67	40	62	11	43	18
576059	3	1	9	8	0	3	30	2	0	2	12	0	9
1051459	46	140	332	104	161	24	28	18	72	42	50	17	39
494339	455	768	24	43	404	945	3	489	173	333	9	428	25
13332	40	30	41	38	22	97	112	58	27	93	13	41	32
802011	153	1169	81	334	501	552	15	481	1064	349	21	619	114
1021984	300	126	417	194	13	307	160	41	25	100	172	37	114
509899	169	128	102	55	83	180	66	191	49	56	24	131	72
996116	122	123	138	171	53	164	205	85	42	85	97	59	223
336745	58	25	13	20	16	81	18	38	22	150	1	3	129
552687	204	83	71	43	116	234	76	248	69	113	21	142	58
358068	388	475	1161	574	273	386	50	254	189	332	1102	350	299
220353	639	499	215	131	56	479	43	456	150	141	22	143	207
591747	107	41	42	41	38	97	78	76	37	65	23	84	31
314599	10	1	26	33	2	4	18	3	1	26	0	0	5
876519	451	210	255	365	185	410	554	358	140	204	176	291	213
699318	690	303	294	338	215	429	478	764	295	271	212	560	175
361264	48	15	31	65	17	44	103	35	16	24	29	20	22
1106471	34	31	14	38	8	63	12	22	8	53	0	19	20
58633	66	18	187	184	3	44	1149	7	23	21	115	6	1120
1015227	22	9	4	10	4	14	22	16	6	11	9	10	23
142233	74	29	181	58	21	67	18	26	29	29	9	18	25
811424	105	214	49	53	35	130	2	17	34	40	15	14	48
273690	17	6	16	15	3	14	9	18	3	6	8	5	4
551344	12	12	5	6	10	18	37	19	12	14	7	7	22
859157	7	3	1	5	0	10	0	3	4	4	0	3	2
538111	10	9	5	6	1	3	4	7	5	7	8	6	10
790384	43	4	17	6	0	0	0	2	0	1	1	1	10
252274	159	100	32	18	86	116	45	156	34	118	13	112	48
213308	11	10	4	37	4	14	11	11	16	6	1	12	15
570595	115	27	50	134	30	55	149	56	18	33	38	30	33
2068089	42	12	45	12	6	21	11	11	5	11	31	7	7
1142871	73	57	56	58	61	90	100	84	26	84	45	63	30
719367	148	1266	181	152	350	253	20	145	144	626	23	312	39
859313	13	3	2	8	0	6	5	9	0	3	1	1	3
238280	35	29	33	49	27	50	154	29	9	15	36	19	25
553648	5	15	20	1	97	17	0	0	11	10	3	9	17
1087325	1153	728	616	681	326	1629	352	223	1767	1737	717	1258	740
583489	139	47	89	106	24	43	156	98	15	29	56	27	54
837424	67	136	84	8	53	130	34	70	12	147	7	78	10
1052559	115	93	118	55	34	112	96	121	50	65	25	104	50
657034	74	66	39	71	53	84	91	95	28	36	30	63	44
216643	57	20	64	80	18	24	41	25	5	36	27	9	20
698517	358	36	306	310	38	129	1045	120	29	81	349	47	180
1056070	110	77	68	32	31	61	41	65	74	29	6	55	29
553562	569	382	341	532	137	461	186	480	298	263	86	603	258
824723	44	43	57	36	29	44	133	55	58	22	43	19	45
252345	114	148	102	120	32	188	81	38	185	199	3	171	79
998905	13	94	22	16	25	69	7	48	84	85	5	140	4
571484	38	100	16	76	17	47	8	98	66	17	18	32	18
4339223	41	0	9	31	0	0	33	0	0	2	13	0	4
408093	524	81	417	161	21	156	277	37	42	113	113	20	149
562438	21	4	28	45	0	8	93	17	1	6	21	7	14
806201	318	86	770	1499	40	201	417	101	58	100	359	57	476
594040	138	151	82	103	102	154	288	221	90	63	174	152	108
589597	44	88	14	56	13	76	17	140	110	54	12	55	5
837069	15	3	130	15	5	16	1032	4	8	6	24	1	3853
136998	34	24	21	8	23	38	5	51	8	21	8	38	25
1016118	14	3	4	52	5	4	19	3	4	12	15	0	7
833957	4	13	9	12	6	31	10	12	6	13	2	3	2
160311	4	3	20	9	2	6	42	6	4	2	16	6	1
4308759	104	287	55	54	390	446	25	308	90	241	40	156	79
938039	52	2	61	14	1	5	272	1	5	1	89	1	45
4402996	79	24	44	51	26	68	47	92	14	51	31	48	21
952203	4	13	5	4	3	9	12	1	3	4	16	0	8
345333	137	16	117	31	39	202	20	39	42	65	16	44	95
537655	22	16	29	6	22	20	20	35	4	26	9	23	18
758928	419	126	85	190	26	124	34	272	24	156	29	103	23
331521	89	67	48	27	127	104	55	98	37	97	27	57	49
248505	16	3	22	19	5	15	30	11	6	11	12	2	9
687206	298	141	151	253	66	178	370	236	78	83	142	141	132
358489	18	1	26	29	4	0	49	0	1	1	11	0	12
219282	67	48	61	53	25	68	92	63	9	26	27	43	40
217917	130	49	142	112	6	61	70	45	30	14	47	11	78
250522	279	44	240	61	13	95	46	51	30	33	49	21	100
3809681	9	9	18	47	5	11	24	11	4	7	16	2	12
635391	7	14	14	67	14	12	964	33	38	2	3	6	343
1044581	39	10	18	24	5	31	88	16	1	3	20	8	23
1072673	43	565	21	154	57	230	20	313	13	33	4	148	8
2063454	84	340	29	153	3	30	64	75	10	229	1	61	8
336057	51	84	16	62	65	84	22	162	9	123	10	68	28
551647	1722	1036	507	956	378	1553	241	1375	364	635	156	877	354
822874	5	3	1	2	1	2	5	3	2	0	2	1	2
311035	58	39	37	41	57	101	23	76	18	78	21	38	39
819037	49	85	128	347	63	77	22	21	44	72	233	39	206
268617	156	58	28	44	9	77	17	84	17	48	7	34	17
895220	158	247	159	181	81	289	62	129	261	168	146	157	130
751138	142	47	155	18	67	141	131	44	42	77	23	25	158
987696	8	24	23	196	9	40	0	72	50	17	2	62	2
209762	82	66	48	18	29	42	19	76	24	48	10	24	20
4302554	41	16	25	31	36	29	39	21	8	39	12	14	11
813885	107	88	61	68	83	137	135	131	23	73	31	90	96
1108483	16	3	4	5	5	3	6	9	2	4	2	7	2
207355	853	1547	297	89	101	952	19	393	211	518	15	311	75
93175	38	42	25	63	18	65	31	15	12	59	8	14	45
759916	8	10	3	48	7	7	183	12	1	5	54	12	150
142384	134	88	106	58	46	138	171	162	27	101	43	96	89
1015017	16	10	8	10	4	38	29	25	26	4	3	42	3
561885	30	107	69	46	182	98	9	26	91	56	22	106	49
891898	29	38	28	8	25	42	22	42	10	21	6	19	21
4469039	50	34	14	66	15	18	21	17	2	15	10	17	13
957360	15	11	23	20	3	17	58	14	5	6	14	9	21
824826	50	38	40	36	45	68	27	55	22	39	13	24	19
354765	72	20	123	71	6	19	120	6	2	10	124	7	95
1812611	14	25	72	18	3	19	3	0	0	8	9	0	4
248395	29	245	98	83	183	119	29	14	97	61	32	28	36
729145	0	1	2	4	0	1	46	3	0	0	13	1	3
717396	308	176	151	247	131	295	198	232	102	196	78	143	147
942852	3178	2578	3555	1831	564	1410	288	781	605	897	23792	818	1721
968261	36	35	41	22	31	69	43	27	16	23	29	26	33
1052235	47	10	114	33	3	24	20	5	3	14	6	4	9
673712	19	0	19	32	13	2	19	23	0	2	2	2	1
763448	20	10	18	23	15	35	32	24	2	6	9	15	13
555384	13	1	25	7	4	16	66	8	4	4	263	7	16
1110625	35	20	9	18	16	50	30	21	10	31	5	23	29
2834426	124	63	34	13	11	137	11	48	33	28	5	45	28
974121	93	68	32	125	312	83	29	89	23	96	663	102	723
1060474	24	29	31	7	2	15	10	20	2	26	17	7	7
297615	12	1	8	15	6	7	6	5	7	10	3	7	2
1106617	1084	3521	2486	3421	1522	4081	365	1559	7231	3077	2328	3821	1851
571700	23	9	11	7	6	18	27	19	3	5	15	2	6
332557	0	0	4	2	28	0	0	0	4	2	0	0	3
536008	62	103	13	213	16244	2007	10	268	74	269	13	54	1989
1087471	42	150	89	101	19	70	21	46	1268	72	54	111	25
2324042	108	50	42	32	29	106	22	46	45	60	4	40	39
361372	1674	1795	217	112	294	898	4	396	426	327	8	442	91
1074016	714	2559	1705	857	947	2674	2252	305	610	2245	4011	331	2108
112867	39	18	33	44	10	50	33	21	9	24	19	13	24
4322410	51	43	21	37	36	88	25	57	21	60	8	61	14
338196	36	15	9	9	24	47	15	30	11	21	10	26	14
511074	10	0	3	13	0	0	17	0	0	0	6	0	2
237257	1	7	0	2	14	22	1	6	28	5	2	14	4
624312	331	92	72	98	49	188	14	80	65	78	11	118	95
2818167	62	240	60	11	18	30	4	100	6	56	1	54	7
539978	26	11	12	13	21	36	28	22	6	16	19	17	15
851113	4	1	0	3	5	4	8	5	0	4	6	5	1
4317750	6	9	6	11	4	7	15	5	0	1	19	1	1
220524	20	6	21	33	9	41	51	25	8	5	12	9	15
1107637	148	41	111	96	42	78	55	106	6	66	41	38	50
112754	320	145	61	43	50	201	14	327	67	121	20	141	44
1068155	92	115	50	343	16	97	130	123	57	140	21	174	18
646030	25	8	19	33	13	14	45	19	8	5	21	17	10
553534	55	41	135	140	0	14	329	11	4	10	334	9	39
581900	98	41	48	37	8	60	36	19	4	76	0	8	4
308202	24	32	24	28	28	45	36	31	8	18	28	14	40
622731	58	32	32	27	77	107	54	88	23	75	23	56	18
1639771	13	4	3	3	4	14	9	9	1	8	3	3	5
217746	83	31	59	62	16	84	85	52	35	40	33	38	68
217748	6	4	2	10	5	19	0	24	0	5	4	19	2
882681	74	54	110	22	5	48	10	11	2	20	3	8	13
156210	73	55	89	82	7	52	9	13	17	18	3	8	31
594013	357	165	5170	611	40	77	812	164	575	43	212	38	2626
4324314	667	482	344	385	23	230	27	108	229	224	36	83	114
814295	189	165	84	56	139	189	161	195	72	81	92	124	62
219743	53	8	26	12	5	8	117	3	5	9	21	2	18
562008	2816	792	2381	246	140	599	349	500	239	332	75	193	277
13568	1	0	0	1	0	8	1	2	3	0	2	1	3
1131545	14	41	32	20	6	45	16	13	12	17	5	9	5
819893	189	71	84	142	86	198	259	195	51	92	88	121	105
587598	112	54	40	85	16	53	108	59	28	33	64	52	64
417101	88	56	226	349	22	153	220	43	41	124	90	33	76
1029922	0	4	7	114	1	11	48	15	2	7	3	4	9
436590	41	7	101	46	9	12	109	8	3	11	35	2	95
4316722	6	20	13	7	10	19	16	20	5	8	3	6	5
570576	35	49	106	18	5	7	1	15	4	9	10	5	17
1062748	225	92	125	160	80	241	335	235	98	141	99	97	88
514041	503	466	127	258	206	386	152	810	394	312	26	847	135
855996	311	349	93	97	256	390	210	618	151	273	102	423	154
588703	3	29	0	4	17	10	3	29	3	11	9	2	3
783660	83	71	45	31	28	63	89	110	27	25	70	57	21
112949	34	17	15	26	10	31	11	34	7	38	4	10	18
567336	130	170	472	480	153	160	77	75	348	179	156	172	146
567333	45	66	18	25	83	66	71	70	10	77	19	56	27
343242	5	10	2	4	0	3	6	14	0	2	0	0	1
532331	343	881	72	210	170	416	51	352	215	324	5	325	58
946860	5	4	6	6	4	6	3	4	2	2	2	2	11
1081222	4	2	0	0	4	9	3	8	0	1	3	2	0
1049393	513	218	679	342	119	313	282	321	155	264	183	257	253
257270	87	29	62	29	28	57	58	79	10	42	15	34	51
925200	26	19	19	19	10	41	6	30	7	17	2	22	17
758613	127	162	73	60	130	197	71	322	63	139	37	237	50
253167	27	5	13	27	3	22	49	16	0	14	19	9	15
511817	141	39	134	48	26	57	22	36	46	18	15	33	44
945478	739	496	474	782	110	411	169	414	289	654	104	250	207
551109	138	717	83	383	297	474	19	89	265	342	23	114	60
215823	30	128	193	139	32	113	127	60	22	84	29	64	48
215825	125	107	129	274	5	133	330	50	13	108	97	15	89
1048878	880	1177	2702	3381	1222	1165	367	373	1050	770	7170	513	1759
816631	555	363	251	230	265	535	245	449	138	284	103	352	259
223655	18	9	27	26	14	32	71	14	13	9	37	17	27
822571	15	7	12	31	7	5	42	12	0	2	15	4	10
831289	53	50	25	49	69	134	26	108	57	83	14	74	27
325776	7	1	0	3	1	6	1	0	2	2	1	0	1
512397	80	34	40	20	25	59	37	77	19	63	12	30	14
357721	8	2	5	10	7	3	9	5	0	4	2	2	1
304694	16	6	16	2	6	15	4	10	1	17	2	3	14
1053703	14	37	1710	664	292	31	83	109	228	47	99	116	40
564093	48	30	42	11	13	34	14	16	10	32	7	3	11
1020262	9	6	4	18	4	6	18	17	5	3	1	2	12
537115	0	0	0	0	1	1	0	0	0	3	0	0	0
4318042	110	42	60	113	223	143	3	10	56	61	24	1	19
1125708	973	911	344	408	429	871	625	1043	333	520	199	768	349
216350	137	73	118	76	2	67	133	56	19	21	81	7	26
949062	203	180	99	97	112	145	88	319	78	164	20	274	60
816441	85	26	32	30	12	34	44	51	28	15	27	6	20
1078248	19	11	0	12	3	4	12	14	6	2	6	4	1
110321	29	17	28	98	25	68	81	25	17	30	20	41	49
1074625	46	111	23	76	36	92	75	52	59	67	13	94	46
278390	301	156	172	54	32	116	57	113	49	93	50	73	59
567840	143	86	147	467	58	106	212	61	158	95	25	93	191
1084157	151	106	75	138	55	173	243	119	75	112	67	97	130
901893	2	1	10	14	1	1	19	1	2	1	6	2	3
591647	125	60	103	71	12	56	31	41	11	49	11	19	64
888396	150	364	162	156	38	113	78	111	71	69	2670	198	170
142010	188	115	203	124	68	265	72	143	64	132	36	92	140
1032653	172	117	111	81	87	239	104	137	45	102	48	106	92
571363	10	14	44	41	16	8	20	40	2	15	13	13	1
2733662	33	14	15	5	16	10	5	20	10	3	5	4	14
1108830	49	58	32	161	12	69	55	86	39	91	18	84	31
4479100	63	49	10	19	35	92	20	77	17	69	16	44	31
231447	39	32	57	20	7	20	18	11	9	12	10	2	13
368218	145	50	110	108	29	114	139	72	32	63	89	55	70
225379	88	146	391	22	56	165	12	112	20	66	19	63	104
915631	20	19	13	23	14	14	29	59	6	15	12	12	17
138920	14	8	13	12	11	28	15	28	2	12	6	11	13
316335	47	31	20	38	16	59	29	60	10	23	26	25	20
937372	672	770	562	2004	286	706	417	386	1085	568	335	298	506
549557	2	1	2	6	2	3	6	11	0	2	1	5	4
245723	14	3	8	4	4	4	18	8	6	0	7	1	8
679787	18	19	8	9	10	11	7	14	1	30	5	10	9
570407	288	173	153	210	122	273	141	182	61	144	85	146	184
113674	466	176	166	141	81	226	201	271	71	146	80	109	143
1129425	11	8	7	10	5	21	15	5	6	4	6	8	4
992428	9	14	29	48	12	16	190	9	4	6	85	3	30
815305	9	6	18	28	10	20	13	20	8	7	6	17	7
562177	1261	926	283	313	281	1077	67	604	352	550	78	313	171
239185	23	19	23	12	10	4	12	10	2	23	5	2	8
2442916	46	22	26	21	13	36	11	39	14	38	15	17	21
832626	158	260	430	83	18	582	16	40	27	40	108	30	49
100640	1	2	22	47	4	2	47	9	0	5	12	0	8
256335	89	27	48	40	32	62	79	85	11	36	60	19	47
255448	129	93	154	72	57	139	190	128	61	70	121	124	59
960217	165	99	103	124	83	229	252	166	37	113	96	103	89
557974	1	0	0	0	2	0	0	0	1	1	0	0	1
238426	14	43	16	18	57	48	27	48	10	56	12	73	8
3582363	23	15	10	3	11	19	0	13	16	22	1	2	7
775149	423	198	211	245	246	320	104	417	120	341	42	204	118
1060517	156	272	641	482	137	1201	2372	291	1450	2213	4572	98	1533
566578	35	79	552	901	517	2148	3803	231	699	291	1510	67	545
1012668	30	16	15	19	8	27	18	14	8	24	7	4	6
606989	1031	490	445	188	245	610	152	280	323	757	230	514	238
224648	18	4	10	20	3	10	21	5	0	0	13	0	8
809485	1132	1394	740	1211	321	1053	364	1122	566	1242	94	1113	585
185100	22	13	14	13	6	24	9	12	6	2	4	7	14
328081	2	8	4	15	7	18	3	6	11	13	1	3	10
829373	1911	345	432	537	100	1202	215	54	348	484	493	96	757
1107243	791	871	1123	991	448	1142	995	336	455	720	1153	538	1272
709657	54	11	35	32	16	45	43	30	22	39	29	23	22
214791	24	8	14	6	5	17	14	5	3	7	3	7	13
558911	190	67	391	308	63	170	935	77	89	133	673	45	260
4405640	49	40	27	14	22	65	34	40	20	32	16	24	28
539866	461	261	191	298	225	539	117	480	94	444	82	165	175
3581990	42	11	39	41	3	12	11	7	3	5	13	12	32
527397	4173	2498	4105	1640	514	2691	1401	1021	509	2314	314	504	886
873887	227	77	155	212	64	319	268	193	66	134	86	127	145
915265	759	1714	1161	2150	318	1963	374	354	408	510	374	537	1384
532139	32	4	11	36	0	1	17	13	0	21	5	5	10
833317	73	67	37	64	32	86	157	71	22	49	56	54	33
1009440	13	16	21	20	16	21	45	34	10	16	24	19	20
4447718	46	20	40	59	1	10	29	19	8	10	21	6	20
338140	2	1	1	2	15	1	0	0	2	1	0	6	3
765871	138	84	98	75	75	127	62	149	60	87	27	72	52
4345857	120	300	77	73	4	261	8	34	20	80	14	29	56
896276	23	28	8	19	19	26	3	28	54	22	2	12	7
4370738	230	134	143	57	15	101	2	21	23	43	3	14	103
254346	99	42	78	48	67	125	120	97	23	64	54	63	50
269875	96	40	75	49	39	142	27	19	2	88	4	3	28
909170	77	261	15	94	45	165	35	141	113	85	8	344	26
1017063	24	26	27	44	17	22	48	12	7	11	40	17	11
558264	12	8	0	10	9	19	21	34	75	8	0	1	4
242284	25	2	27	17	0	2	65	4	0	3	22	3	8
415661	4	3	5	43	3	0	30	8	0	1	3	7	6
4359497	28	4	12	19	8	25	33	23	9	16	8	22	17
113004	134	33	94	50	37	77	40	76	38	37	49	24	57
1081489	40	30	29	14	9	38	4	14	7	54	8	1	7
852162	2	3	4	8	3	9	3	9	3	2	7	2	7
4342317	22	19	56	49	15	67	98	22	9	28	60	2	34
539336	26	14	15	14	19	14	10	14	4	5	4	3	15
627435	13	48	14	10	20	32	13	12	1	9	3	2	8
587540	53	19	25	19	10	22	25	28	4	15	10	12	15
4439482	4	1	0	0	0	1	0	0	0	1	0	0	0
226240	82	191	111	277	41	225	46	27	40	87	50	49	107
303643	68	5	102	205	5	11	100	28	9	20	60	9	48
584598	26	14	9	38	22	31	47	31	5	35	16	5	15
772651	184	66	72	105	69	91	65	95	35	66	26	53	45
794280	51	19	54	3	5	26	33	19	11	9	6	12	28
997544	38	73	25	76	37	67	171	116	21	30	141	65	35
824675	99	36	177	203	24	54	234	103	27	31	192	39	85
1081815	235	282	196	146	263	814	585	321	213	290	145	198	211
819681	17	21	15	13	13	28	13	15	13	14	6	8	14
544772	543	478	229	206	199	660	25	328	320	267	17	334	88
732609	18	23	0	1	1	13	3	1	10	44	6	8	4
236466	285	201	191	130	178	467	77	127	132	342	134	135	186
100737	6	6	38	42	4	8	6	7	3	3	14	1	5
952082	52	143	59	6	85	76	12	67	45	20	0	25	22
568461	17	1	16	31	9	11	83	11	7	7	34	6	25
723100	27	9	21	20	6	15	22	10	8	6	16	5	7
812105	5	2	7	7	0	3	9	5	2	2	8	0	3
561452	26	19	14	10	21	48	11	37	12	32	13	15	7
945733	44	34	130	115	2	33	70	60	80	22	58	35	45
329490	1169	61	1288	851	19	221	78	24	93	74	695	18	796
620224	37	107	20	25	157	147	15	127	38	68	21	44	32
778795	277	163	136	118	177	265	118	217	39	229	41	165	99
1110836	833	690	560	851	89	378	264	379	261	455	170	322	257
240506	41	12	30	17	12	41	50	31	10	37	14	13	14
832619	162	55	105	123	31	107	127	87	25	68	57	31	51
139405	73	41	42	66	15	75	45	47	29	38	4	40	28
1112326	5	7	9	12	1	13	9	12	3	2	6	3	3
778968	43	6	54	30	0	14	6	4	10	9	8	1	57
1125248	12	6	113	56	2	4	83	0	3	5	52	6	52
137916	16	5	15	6	15	32	5	17	5	20	5	14	14
4401982	25	28	33	44	12	25	109	16	8	14	27	15	21
750320	12	47	10	14	39	145	39	103	44	43	4	32	10
185950	102	393	31	29	138	265	10	315	187	197	1	177	32
917888	31	30	480	149	59	111	6	56	85	61	185	7	109
256569	15	54	9	15	9	56	17	54	17	32	2	2	9
235541	133	101	140	110	48	110	105	79	14	73	68	52	155
937954	237	727	64	435	206	295	127	599	313	352	28	1626	71
78422	1826	176	723	202	41	248	53	98	54	146	255	54	430
688259	48	34	22	14	18	39	44	34	55	34	7	16	14
237703	6	2	6	9	3	8	12	7	6	8	5	3	2
1640195	13	4	15	17	6	10	8	14	25	4	7	6	4
319944	7	0	6	3	1	3	39	5	0	3	7	0	4
554390	73	217	72	237	44	156	84	107	64	52	11	68	63
1044436	623	557	269	328	573	712	451	812	153	399	262	438	298
1072787	515	559	229	397	434	478	611	462	276	653	137	555	205
576653	10	2	7	2	2	6	4	0	1	0	0	7	1
570552	79	23	73	40	12	101	42	30	24	91	33	23	48
1053194	85	19	70	118	6	55	103	42	4	166	10	11	18
674370	299	243	132	135	88	204	28	142	74	178	7	158	46
339660	17	6	19	28	8	5	1	6	3	4	10	4	5
4300564	171	319	121	154	129	147	29	48	173	183	23	46	20
960076	4	216	18	38	89	72	24	65	177	154	1	52	10
562311	222	89	70	81	86	178	159	182	42	122	54	104	95
2946783	110	20	28	81	19	30	65	111	17	47	16	34	32
817349	86	52	21	112	21	52	18	80	21	221	8	42	25
586320	73	9	45	85	8	13	51	25	11	9	31	14	24
546371	201	126	139	113	108	241	170	137	41	86	106	129	118
254392	162	119	153	242	86	171	296	220	48	166	89	137	97
216925	80	129	30	18	73	91	128	132	24	70	36	69	55
809189	61	25	51	63	19	47	289	55	7	29	108	43	28
792574	58	18	21	14	15	27	6	12	3	11	14	5	23
360823	81	32	28	30	41	56	59	66	29	43	15	35	21
137818	48	45	33	43	40	70	72	54	13	38	29	52	21
813938	230	75	20	45	55	164	72	119	59	61	10	117	24
811263	74	16	42	65	26	39	90	32	16	34	38	25	57
208805	21	24	34	27	7	49	30	32	5	11	5	27	25
2591424	136	94	39	61	13	97	30	11	35	37	21	16	94
824146	16	15	9	7	10	3	8	17	8	5	1	18	3
510547	5	10	9	17	4	9	14	6	1	28	1	8	11
1105574	118	42	257	235	233	40	3373	71	23	5	1561	15	705
1108685	76	11	31	37	14	22	47	30	13	24	25	5	6
365415	16	6	12	8	9	8	11	11	3	7	5	5	4
915948	11	10	0	1	2	6	4	30	44	1	1	9	4
1098922	16	13	7	4	8	33	2	20	6	18	3	12	6
4316013	13	16	8	11	10	41	5	15	3	12	11	22	10
814232	113	57	66	55	123	151	48	160	32	74	29	89	31
769643	5	6	15	7	41	9	4	5	14	5	4	15	18
130710	0	0	2	0	0	1	0	0	0	1	0	0	2
825183	517	256	230	623	85	276	161	504	146	286	30	320	128
557467	18	8	22	27	10	25	134	20	3	13	30	13	48
550164	101	130	51	82	7	26	28	112	33	145	0	87	16
577068	12	3	17	14	9	13	17	15	3	3	13	5	7
246952	1218	532	969	237	71	542	137	167	66	157	601	156	549
281360	122	181	1321	415	49	89	337	27	26	59	273	14	246
153239	3	1	6	2	0	0	6	3	0	0	17	0	1
1082846	39	18	4	4	23	31	98	20	10	30	3	9	87
11428	8	8	4	11	4	15	26	6	13	13	8	9	6
962736	49	23	62	88	25	26	53	42	14	51	41	20	17
18499	7244	8018	14571	14677	4924	6265	1615	7001	18622	3632	13054	3921	13724
591358	42	35	24	17	20	52	21	61	18	26	9	24	14
238109	32	49	284	3	6	63	2	25	17	27	0	11	16
218116	286	221	162	178	147	307	219	331	105	178	88	151	130
582391	273	187	342	53	50	270	43	92	64	178	26	88	45
556561	285	178	228	367	79	166	358	225	68	71	165	181	188
1109142	78	43	41	47	28	58	15	89	8	49	11	36	35
1108431	23	17	26	22	9	23	15	23	3	14	8	16	7
105113	193	156	89	136	128	210	216	246	91	105	126	163	124
792868	12	76	10	9	20	33	48	18	4	14	14	66	15
107234	61	55	41	80	38	94	91	82	36	28	36	41	50
209613	95	70	46	20	68	149	19	127	27	145	3	113	42
4302753	15	17	26	32	14	10	57	21	7	44	29	10	13
1052930	129	327	164	177	50	69	279	105	78	141	126	815	100
249068	34	12	23	19	10	16	25	12	2	19	20	8	9
237634	10	0	7	8	2	3	1	4	0	4	0	0	2
539496	40	15	16	18	16	43	21	18	5	8	6	8	17
1037355	3000	365	4623	2284	360	1237	1883	148	583	1029	9128	545	4611
586230	6	1	18	25	5	34	67	11	15	7	37	1	9
1121806	7	9	11	3	10	12	10	11	7	6	4	4	14
1088120	3	9	52	16	13	28	19	15	8	2	9	8	2
965853	12	4	2	9	0	4	22	8	2	4	16	1	4
835594	391	296	175	401	390	550	382	577	200	345	148	364	174
510316	113	40	72	92	38	70	155	71	19	35	43	26	47
831179	603	581	1080	376	122	230	42	319	112	277	85	102	215
586031	9	2	9	5	5	0	12	6	0	7	0	9	4
547097	291	67	162	117	68	138	65	104	87	73	26	59	91
931643	28	125	84	164	34	69	20	38	114	101	42	49	97
222183	1597	267	831	530	119	398	61	290	1138	190	145	221	506
341698	857	1051	388	382	276	990	73	596	458	517	33	1621	257
896338	154	125	201	68	9	120	22	21	15	13	8	17	48
219243	6	16	11	19	1	18	10	5	5	10	10	2	6
1011958	136	93	61	254	29	81	31	124	79	59	1	193	49
876170	259	56	220	302	24	91	60	72	112	180	11	127	61
883748	87	46	27	79	33	120	108	219	29	15	107	26	135
529793	14	8	31	33	4	9	29	2	1	16	14	6	14
769292	347	101	215	164	41	236	119	163	28	120	49	113	108
854368	27	12	30	32	14	24	20	12	12	13	11	15	16
648543	13	18	1	1	7	21	16	9	6	6	7	11	5
810679	9	5	2	12	6	6	2	10	3	9	4	13	7
269781	0	0	0	0	0	0	2	10	14	0	0	0	0
788632	1540	6065	497	2740	514	2155	246	4358	2187	1279	586	2227	740
892000	1317	758	722	1275	653	1280	1649	1143	422	913	503	740	534
637184	104	48	73	64	42	73	110	118	49	32	53	38	46
1051517	46	28	34	69	24	56	118	57	11	14	86	34	12
1094453	37	19	8	25	7	26	59	23	13	11	3	28	2
550219	24	18	12	8	21	22	22	10	5	9	13	11	12
818282	47	18	49	54	22	48	58	59	4	37	32	21	11
254401	839	402	550	295	178	373	225	392	136	221	191	131	494
546690	6	10	7	23	2	12	6	4	0	24	1	6	9
3723650	54	16	81	29	6	48	52	22	10	22	10	8	19
1108726	588	1260	1468	758	386	915	748	611	333	1145	1304	475	710
1102554	18	13	7	31	14	23	39	54	20	21	1	44	5
262768	33	22	181	74	2	14	54	2	4	4	59	2	64
966091	85	73	92	78	92	207	160	176	53	137	45	122	68
55354	18	1	15	30	4	4	89	2	2	1	19	1	23
515709	148	36	101	162	37	36	381	92	17	27	120	38	57
902698	76	26	38	48	13	65	46	34	14	24	28	21	20
591499	1	7	5	5	4	2	2	4	4	0	0	2	1
569066	822	528	1028	422	125	435	146	274	332	384	45	816	209
823091	24	8	11	19	15	25	5	32	11	19	2	18	5
219094	13	5	16	27	0	6	6	1	1	1	25	0	15
961783	286	444	123	133	286	814	82	351	52	216	66	149	785
823633	65	21	45	72	22	78	68	71	28	33	28	59	32
